-- Adminer 4.7.8 MySQL dump

SET NAMES utf8;
SET time_zone = '+05:00';
SET foreign_key_checks = 0;
SET sql_mode = 'NO_AUTO_VALUE_ON_ZERO';

SET NAMES utf8mb4;

DROP TABLE IF EXISTS `attendance`;
CREATE TABLE `attendance` (
  `id` bigint(20) unsigned NOT NULL AUTO_INCREMENT,
  `user_id` bigint(20) unsigned NOT NULL,
  `date` date NOT NULL,
  `status` varchar(255) NOT NULL DEFAULT 'late',
  `check_in` time DEFAULT NULL,
  `check_out` time DEFAULT NULL,
  `hours_worked` decimal(5,2) DEFAULT NULL,
  `notes` text DEFAULT NULL,
  `checkout_method` text DEFAULT NULL,
  `created_at` timestamp NULL DEFAULT NULL,
  `updated_at` timestamp NULL DEFAULT NULL,
  PRIMARY KEY (`id`),
  UNIQUE KEY `attendance_user_id_date_unique` (`user_id`,`date`),
  CONSTRAINT `attendance_user_id_foreign` FOREIGN KEY (`user_id`) REFERENCES `users` (`id`) ON DELETE CASCADE
) ENGINE=InnoDB AUTO_INCREMENT=49 DEFAULT CHARSET=utf8mb4 COLLATE=utf8mb4_unicode_ci;

INSERT INTO `attendance` (`id`, `user_id`, `date`, `status`, `check_in`, `check_out`, `hours_worked`, `notes`, `checkout_method`, `created_at`, `updated_at`) VALUES
(1,	2,	'2025-08-05',	'Late',	'09:32:01',	'18:25:59',	8.00,	'User is verified using ip address of office.',	'User Checkout',	'2025-08-05 04:32:01',	'2025-08-05 13:25:59'),
(2,	11,	'2025-08-05',	'Late',	'09:33:12',	'18:27:23',	8.00,	'User is verified using ip address of office.',	'User Checkout',	'2025-08-05 04:33:12',	'2025-08-05 13:27:23'),
(3,	1,	'2025-08-05',	'Late',	'15:24:12',	NULL,	NULL,	'User is verified using ip address of office.',	NULL,	'2025-08-05 10:24:12',	'2025-08-05 10:24:12'),
(4,	2,	'2025-08-06',	'Present',	'08:56:13',	'18:24:32',	9.00,	'User is verified using ip address of office.',	'User Checkout',	'2025-08-06 03:56:13',	'2025-08-06 13:24:32'),
(5,	8,	'2025-08-06',	'Late',	'09:26:18',	'20:18:03',	10.00,	'User Checkin through location verification!',	'User Checkout',	'2025-08-06 04:26:18',	'2025-08-06 15:18:03'),
(6,	4,	'2025-08-06',	'Late',	'09:31:13',	'18:47:09',	9.00,	'User Checkin through location verification!',	'User Checkout',	'2025-08-06 04:31:13',	'2025-08-06 13:47:09'),
(7,	5,	'2025-08-06',	'Late',	'09:31:28',	'19:00:00',	9.47,	'User is verified using ip address of office.',	'System Checkout',	'2025-08-06 04:31:28',	'2025-08-06 16:39:09'),
(8,	11,	'2025-08-06',	'Late',	'09:34:17',	'19:00:00',	9.42,	'User is verified using ip address of office.',	'System Checkout',	'2025-08-06 04:34:17',	'2025-08-06 16:39:09'),
(9,	6,	'2025-08-06',	'Late',	'09:36:17',	'18:10:37',	8.00,	'User is verified using ip address of office.',	'User Checkout',	'2025-08-06 04:36:17',	'2025-08-06 13:10:37'),
(10,	12,	'2025-08-06',	'Late',	'09:39:19',	'19:00:00',	9.33,	'User is verified using ip address of office.',	'System Checkout',	'2025-08-06 04:39:19',	'2025-08-06 16:39:09'),
(11,	9,	'2025-08-06',	'Late',	'10:06:54',	'19:00:00',	8.88,	'User is verified using ip address of office.',	'System Checkout',	'2025-08-06 05:06:54',	'2025-08-06 16:39:09'),
(12,	1,	'2025-08-06',	'Absent',	'00:00:00',	'00:00:00',	0.00,	'System Marked Absent',	'System Marked Absent',	'2025-08-06 16:39:09',	'2025-08-06 16:39:09'),
(13,	3,	'2025-08-06',	'Absent',	'00:00:00',	'00:00:00',	0.00,	'System Marked Absent',	'System Marked Absent',	'2025-08-06 16:39:09',	'2025-08-06 16:39:09'),
(14,	7,	'2025-08-06',	'Absent',	'00:00:00',	'00:00:00',	0.00,	'System Marked Absent',	'System Marked Absent',	'2025-08-06 16:39:09',	'2025-08-06 16:39:09'),
(15,	10,	'2025-08-06',	'Absent',	'00:00:00',	'00:00:00',	0.00,	'System Marked Absent',	'System Marked Absent',	'2025-08-06 16:39:09',	'2025-08-06 16:39:09'),
(16,	2,	'2025-08-07',	'Present',	'08:52:41',	'18:22:19',	9.00,	'User is verified using ip address of office.',	'User Checkout',	'2025-08-07 03:52:41',	'2025-08-07 13:22:19'),
(17,	11,	'2025-08-07',	'Late',	'09:21:39',	'18:21:29',	8.00,	'User is verified using ip address of office.',	'User Checkout',	'2025-08-07 04:21:39',	'2025-08-07 13:21:29'),
(18,	4,	'2025-08-07',	'Late',	'09:21:52',	'18:23:28',	9.00,	'User Checkin through location verification!',	'User Checkout',	'2025-08-07 04:21:52',	'2025-08-07 13:23:28'),
(19,	8,	'2025-08-07',	'Late',	'09:24:54',	'19:00:00',	9.58,	'User is verified using ip address of office.',	'System Checkout',	'2025-08-07 04:24:54',	'2025-08-07 14:00:03'),
(20,	3,	'2025-08-07',	'Late',	'09:28:35',	'19:00:00',	9.52,	'User Checkin through location verification!',	'System Checkout',	'2025-08-07 04:28:35',	'2025-08-07 14:00:03'),
(21,	9,	'2025-08-07',	'Late',	'09:29:16',	'19:00:00',	9.50,	'User is verified using ip address of office.',	'System Checkout',	'2025-08-07 04:29:16',	'2025-08-07 14:00:03'),
(22,	10,	'2025-08-07',	'Late',	'09:35:15',	'18:15:13',	8.00,	'User Checkin through location verification!',	'User Checkout',	'2025-08-07 04:35:15',	'2025-08-07 13:15:13'),
(23,	6,	'2025-08-07',	'Late',	'09:37:28',	'18:10:23',	8.00,	'User Checkin through location verification!',	'User Checkout',	'2025-08-07 04:37:28',	'2025-08-07 13:10:23'),
(24,	5,	'2025-08-07',	'Late',	'09:48:06',	'19:00:00',	9.18,	'User Checkin through location verification!',	'System Checkout',	'2025-08-07 04:48:06',	'2025-08-07 14:00:03'),
(25,	1,	'2025-08-07',	'Absent',	'00:00:00',	'00:00:00',	0.00,	'System Marked Absent',	'System Marked Absent',	'2025-08-07 14:00:03',	'2025-08-07 14:00:03'),
(26,	7,	'2025-08-07',	'Absent',	'00:00:00',	'00:00:00',	0.00,	'System Marked Absent',	'System Marked Absent',	'2025-08-07 14:00:03',	'2025-08-07 14:00:03'),
(27,	12,	'2025-08-07',	'Absent',	'00:00:00',	'00:00:00',	0.00,	'System Marked Absent',	'System Marked Absent',	'2025-08-07 14:00:03',	'2025-08-07 14:00:03'),
(28,	14,	'2025-08-07',	'Absent',	'00:00:00',	'00:00:00',	0.00,	'System Marked Absent',	'System Marked Absent',	'2025-08-07 14:00:03',	'2025-08-07 14:00:03'),
(29,	8,	'2025-08-08',	'Present',	'09:16:56',	'18:27:23',	9.00,	'User is verified using ip address of office.',	'User Checkout',	'2025-08-08 04:16:56',	'2025-08-08 13:27:23'),
(30,	2,	'2025-08-08',	'Present',	'09:17:32',	'18:19:12',	9.00,	'User is verified using ip address of office.',	'User Checkout',	'2025-08-08 04:17:32',	'2025-08-08 13:19:12'),
(31,	6,	'2025-08-08',	'Late',	'09:24:27',	'18:10:57',	8.00,	'User Checkin through location verification!',	'User Checkout',	'2025-08-08 04:24:27',	'2025-08-08 13:10:57'),
(32,	5,	'2025-08-08',	'Late',	'09:24:27',	'19:00:00',	9.58,	'User is verified using ip address of office.',	'System Checkout',	'2025-08-08 04:24:27',	'2025-08-08 15:05:12'),
(33,	10,	'2025-08-08',	'Late',	'09:35:57',	'18:30:22',	8.00,	'User is verified using ip address of office.',	'User Checkout',	'2025-08-08 04:35:57',	'2025-08-08 13:30:22'),
(34,	3,	'2025-08-08',	'Late',	'09:41:51',	'19:00:00',	9.30,	'User is verified using ip address of office.',	'System Checkout',	'2025-08-08 04:41:51',	'2025-08-08 15:05:12'),
(35,	11,	'2025-08-08',	'Late',	'10:41:06',	'19:00:00',	8.30,	'User is verified using ip address of office.',	'System Checkout',	'2025-08-08 05:41:06',	'2025-08-08 15:05:12'),
(36,	1,	'2025-08-08',	'Absent',	'00:00:00',	'00:00:00',	0.00,	'System Marked Absent',	'System Marked Absent',	'2025-08-08 15:05:12',	'2025-08-08 15:05:12'),
(37,	4,	'2025-08-08',	'Absent',	'00:00:00',	'00:00:00',	0.00,	'System Marked Absent',	'System Marked Absent',	'2025-08-08 15:05:12',	'2025-08-08 15:05:12'),
(38,	7,	'2025-08-08',	'Absent',	'00:00:00',	'00:00:00',	0.00,	'System Marked Absent',	'System Marked Absent',	'2025-08-08 15:05:12',	'2025-08-08 15:05:12'),
(39,	9,	'2025-08-08',	'Absent',	'00:00:00',	'00:00:00',	0.00,	'System Marked Absent',	'System Marked Absent',	'2025-08-08 15:05:12',	'2025-08-08 15:05:12'),
(40,	12,	'2025-08-08',	'Absent',	'00:00:00',	'00:00:00',	0.00,	'System Marked Absent',	'System Marked Absent',	'2025-08-08 15:05:12',	'2025-08-08 15:05:12'),
(41,	14,	'2025-08-08',	'Absent',	'00:00:00',	'00:00:00',	0.00,	'System Marked Absent',	'System Marked Absent',	'2025-08-08 15:05:12',	'2025-08-08 15:05:12'),
(42,	8,	'2025-08-09',	'Present',	'08:57:14',	NULL,	NULL,	'User is verified using ip address of office.',	NULL,	'2025-08-09 03:57:14',	'2025-08-09 03:57:14'),
(43,	7,	'2025-08-09',	'Present',	'09:15:22',	NULL,	NULL,	'User is verified using ip address of office.',	NULL,	'2025-08-09 04:15:22',	'2025-08-09 04:15:22'),
(44,	6,	'2025-08-09',	'Present',	'09:16:48',	NULL,	NULL,	'User Checkin through location verification!',	NULL,	'2025-08-09 04:16:48',	'2025-08-09 04:16:48'),
(45,	2,	'2025-08-09',	'Late',	'09:27:42',	NULL,	NULL,	'User is verified using ip address of office.',	NULL,	'2025-08-09 04:27:42',	'2025-08-09 04:27:42'),
(46,	11,	'2025-08-09',	'Late',	'09:38:49',	NULL,	NULL,	'User is verified using ip address of office.',	NULL,	'2025-08-09 04:38:49',	'2025-08-09 04:38:49'),
(47,	3,	'2025-08-09',	'Late',	'09:43:44',	NULL,	NULL,	'User is verified using ip address of office.',	NULL,	'2025-08-09 04:43:44',	'2025-08-09 04:43:44'),
(48,	5,	'2025-08-09',	'Late',	'09:59:21',	NULL,	NULL,	'User is verified using ip address of office.',	NULL,	'2025-08-09 04:59:21',	'2025-08-09 04:59:21');

DROP TABLE IF EXISTS `cache`;
CREATE TABLE `cache` (
  `key` varchar(255) NOT NULL,
  `value` mediumtext NOT NULL,
  `expiration` int(11) NOT NULL,
  PRIMARY KEY (`key`)
) ENGINE=InnoDB DEFAULT CHARSET=utf8mb4 COLLATE=utf8mb4_unicode_ci;


DROP TABLE IF EXISTS `cache_locks`;
CREATE TABLE `cache_locks` (
  `key` varchar(255) NOT NULL,
  `owner` varchar(255) NOT NULL,
  `expiration` int(11) NOT NULL,
  PRIMARY KEY (`key`)
) ENGINE=InnoDB DEFAULT CHARSET=utf8mb4 COLLATE=utf8mb4_unicode_ci;


DROP TABLE IF EXISTS `failed_jobs`;
CREATE TABLE `failed_jobs` (
  `id` bigint(20) unsigned NOT NULL AUTO_INCREMENT,
  `uuid` varchar(255) NOT NULL,
  `connection` text NOT NULL,
  `queue` text NOT NULL,
  `payload` longtext NOT NULL,
  `exception` longtext NOT NULL,
  `failed_at` timestamp NOT NULL DEFAULT current_timestamp(),
  PRIMARY KEY (`id`),
  UNIQUE KEY `failed_jobs_uuid_unique` (`uuid`)
) ENGINE=InnoDB DEFAULT CHARSET=utf8mb4 COLLATE=utf8mb4_unicode_ci;


DROP TABLE IF EXISTS `groups`;
CREATE TABLE `groups` (
  `id` bigint(20) unsigned NOT NULL AUTO_INCREMENT,
  `name` varchar(255) NOT NULL,
  `created_at` timestamp NULL DEFAULT NULL,
  `updated_at` timestamp NULL DEFAULT NULL,
  PRIMARY KEY (`id`)
) ENGINE=InnoDB AUTO_INCREMENT=6 DEFAULT CHARSET=utf8mb4 COLLATE=utf8mb4_unicode_ci;

INSERT INTO `groups` (`id`, `name`, `created_at`, `updated_at`) VALUES
(1,	'ASK SEO TEAM',	'2025-08-04 12:48:37',	'2025-08-04 12:48:37'),
(2,	'Feedback Group',	'2025-08-04 23:23:13',	'2025-08-04 23:23:13'),
(3,	'Feedback Group',	'2025-08-05 06:25:17',	'2025-08-05 06:25:17'),
(4,	'AskSEO APIs',	'2025-08-06 04:53:05',	'2025-08-06 04:53:05'),
(5,	'media testing group',	'2025-08-07 07:02:31',	'2025-08-07 07:02:31');

DROP TABLE IF EXISTS `group_members`;
CREATE TABLE `group_members` (
  `id` bigint(20) unsigned NOT NULL AUTO_INCREMENT,
  `group_id` bigint(20) unsigned NOT NULL,
  `user_id` bigint(20) unsigned NOT NULL,
  `created_at` timestamp NULL DEFAULT NULL,
  `updated_at` timestamp NULL DEFAULT NULL,
  PRIMARY KEY (`id`),
  UNIQUE KEY `group_members_group_id_user_id_unique` (`group_id`,`user_id`),
  KEY `group_members_user_id_foreign` (`user_id`),
  CONSTRAINT `group_members_group_id_foreign` FOREIGN KEY (`group_id`) REFERENCES `groups` (`id`) ON DELETE CASCADE,
  CONSTRAINT `group_members_user_id_foreign` FOREIGN KEY (`user_id`) REFERENCES `users` (`id`) ON DELETE CASCADE
) ENGINE=InnoDB AUTO_INCREMENT=44 DEFAULT CHARSET=utf8mb4 COLLATE=utf8mb4_unicode_ci;

INSERT INTO `group_members` (`id`, `group_id`, `user_id`, `created_at`, `updated_at`) VALUES
(1,	1,	1,	'2025-08-04 12:48:37',	'2025-08-04 12:48:37'),
(15,	3,	1,	'2025-08-05 06:25:17',	'2025-08-05 06:25:17'),
(16,	3,	3,	'2025-08-05 06:25:17',	'2025-08-05 06:25:17'),
(17,	3,	4,	'2025-08-05 06:25:17',	'2025-08-05 06:25:17'),
(18,	3,	5,	'2025-08-05 06:25:17',	'2025-08-05 06:25:17'),
(19,	3,	6,	'2025-08-05 06:25:17',	'2025-08-05 06:25:17'),
(20,	3,	7,	'2025-08-05 06:25:17',	'2025-08-05 06:25:17'),
(21,	3,	8,	'2025-08-05 06:25:17',	'2025-08-05 06:25:17'),
(22,	3,	9,	'2025-08-05 06:25:17',	'2025-08-05 06:25:17'),
(23,	3,	10,	'2025-08-05 06:25:17',	'2025-08-05 06:25:17'),
(24,	3,	11,	'2025-08-05 06:25:17',	'2025-08-05 06:25:17'),
(25,	3,	12,	'2025-08-05 06:25:17',	'2025-08-05 06:25:17'),
(26,	3,	2,	NULL,	NULL),
(27,	1,	2,	NULL,	NULL),
(28,	1,	3,	NULL,	NULL),
(29,	1,	4,	NULL,	NULL),
(30,	1,	5,	NULL,	NULL),
(31,	1,	6,	NULL,	NULL),
(32,	1,	7,	NULL,	NULL),
(33,	1,	8,	NULL,	NULL),
(34,	1,	9,	NULL,	NULL),
(35,	1,	10,	NULL,	NULL),
(36,	1,	11,	NULL,	NULL),
(37,	1,	12,	NULL,	NULL),
(38,	4,	12,	'2025-08-06 04:53:05',	'2025-08-06 04:53:05'),
(39,	4,	1,	'2025-08-06 04:53:05',	'2025-08-06 04:53:05'),
(40,	4,	9,	'2025-08-06 04:53:05',	'2025-08-06 04:53:05'),
(41,	4,	11,	'2025-08-06 04:53:05',	'2025-08-06 04:53:05'),
(42,	5,	2,	'2025-08-07 07:02:31',	'2025-08-07 07:02:31');

DROP TABLE IF EXISTS `group_message_reads`;
CREATE TABLE `group_message_reads` (
  `id` bigint(20) unsigned NOT NULL AUTO_INCREMENT,
  `message_id` bigint(20) unsigned NOT NULL,
  `user_id` bigint(20) unsigned NOT NULL,
  `read_at` timestamp NULL DEFAULT NULL,
  `created_at` timestamp NULL DEFAULT NULL,
  `updated_at` timestamp NULL DEFAULT NULL,
  PRIMARY KEY (`id`),
  KEY `group_message_reads_message_id_foreign` (`message_id`),
  KEY `group_message_reads_user_id_foreign` (`user_id`),
  CONSTRAINT `group_message_reads_message_id_foreign` FOREIGN KEY (`message_id`) REFERENCES `messages` (`id`) ON DELETE CASCADE,
  CONSTRAINT `group_message_reads_user_id_foreign` FOREIGN KEY (`user_id`) REFERENCES `users` (`id`) ON DELETE CASCADE
) ENGINE=InnoDB AUTO_INCREMENT=141 DEFAULT CHARSET=utf8mb4 COLLATE=utf8mb4_unicode_ci;

INSERT INTO `group_message_reads` (`id`, `message_id`, `user_id`, `read_at`, `created_at`, `updated_at`) VALUES
(1,	76,	2,	'2025-08-04 23:23:56',	'2025-08-04 23:23:56',	'2025-08-04 23:23:56'),
(2,	77,	2,	'2025-08-04 23:24:58',	'2025-08-04 23:24:58',	'2025-08-04 23:24:58'),
(3,	78,	2,	'2025-08-04 23:25:31',	'2025-08-04 23:25:31',	'2025-08-04 23:25:31'),
(4,	81,	2,	'2025-08-05 06:26:12',	'2025-08-05 06:26:12',	'2025-08-05 06:26:12'),
(5,	81,	9,	'2025-08-05 09:23:35',	NULL,	NULL),
(6,	81,	6,	'2025-08-05 09:24:15',	NULL,	NULL),
(7,	81,	7,	'2025-08-05 09:26:37',	NULL,	NULL),
(8,	87,	7,	'2025-08-05 09:26:59',	'2025-08-05 09:26:59',	'2025-08-05 09:26:59'),
(9,	87,	9,	'2025-08-05 09:27:11',	NULL,	NULL),
(10,	81,	4,	'2025-08-05 09:32:21',	NULL,	NULL),
(11,	87,	4,	'2025-08-05 09:32:21',	NULL,	NULL),
(12,	87,	6,	'2025-08-05 09:33:25',	NULL,	NULL),
(13,	81,	11,	'2025-08-05 09:36:51',	NULL,	NULL),
(14,	87,	11,	'2025-08-05 09:36:51',	NULL,	NULL),
(15,	81,	1,	'2025-08-05 10:20:51',	NULL,	NULL),
(16,	87,	1,	'2025-08-05 10:20:51',	NULL,	NULL),
(17,	106,	1,	'2025-08-05 10:30:25',	'2025-08-05 10:30:25',	'2025-08-05 10:30:25'),
(18,	106,	11,	'2025-08-05 10:30:54',	NULL,	NULL),
(19,	106,	9,	'2025-08-05 10:31:15',	NULL,	NULL),
(20,	87,	2,	'2025-08-05 10:35:59',	NULL,	NULL),
(21,	106,	2,	'2025-08-05 10:35:59',	NULL,	NULL),
(22,	106,	7,	'2025-08-05 10:37:19',	NULL,	NULL),
(23,	106,	4,	'2025-08-05 11:18:43',	NULL,	NULL),
(24,	122,	4,	'2025-08-05 11:19:12',	'2025-08-05 11:19:12',	'2025-08-05 11:19:12'),
(25,	122,	11,	'2025-08-05 11:19:30',	NULL,	NULL),
(26,	122,	7,	'2025-08-05 11:20:09',	NULL,	NULL),
(27,	122,	1,	'2025-08-05 11:30:03',	NULL,	NULL),
(28,	125,	1,	'2025-08-05 11:30:09',	'2025-08-05 11:30:09',	'2025-08-05 11:30:09'),
(29,	125,	7,	'2025-08-05 11:31:09',	NULL,	NULL),
(30,	125,	4,	'2025-08-05 11:51:26',	NULL,	NULL),
(31,	106,	6,	'2025-08-05 13:03:00',	NULL,	NULL),
(32,	122,	6,	'2025-08-05 13:03:00',	NULL,	NULL),
(33,	125,	6,	'2025-08-05 13:03:00',	NULL,	NULL),
(34,	122,	2,	'2025-08-05 13:25:11',	NULL,	NULL),
(35,	125,	2,	'2025-08-05 13:25:11',	NULL,	NULL),
(36,	129,	2,	'2025-08-05 13:59:48',	'2025-08-05 13:59:48',	'2025-08-05 13:59:48'),
(37,	130,	2,	'2025-08-05 13:59:55',	'2025-08-05 13:59:55',	'2025-08-05 13:59:55'),
(38,	129,	1,	'2025-08-06 03:44:01',	NULL,	NULL),
(39,	130,	1,	'2025-08-06 03:44:01',	NULL,	NULL),
(40,	131,	1,	'2025-08-06 04:05:48',	'2025-08-06 04:05:48',	'2025-08-06 04:05:48'),
(41,	131,	8,	'2025-08-06 04:08:21',	NULL,	NULL),
(42,	132,	8,	'2025-08-06 04:08:31',	'2025-08-06 04:08:31',	'2025-08-06 04:08:31'),
(43,	81,	8,	'2025-08-06 04:08:35',	NULL,	NULL),
(44,	87,	8,	'2025-08-06 04:08:35',	NULL,	NULL),
(45,	106,	8,	'2025-08-06 04:08:35',	NULL,	NULL),
(46,	122,	8,	'2025-08-06 04:08:35',	NULL,	NULL),
(47,	125,	8,	'2025-08-06 04:08:35',	NULL,	NULL),
(48,	129,	8,	'2025-08-06 04:08:35',	NULL,	NULL),
(49,	130,	8,	'2025-08-06 04:08:35',	NULL,	NULL),
(50,	131,	2,	'2025-08-06 04:13:09',	NULL,	NULL),
(51,	132,	2,	'2025-08-06 04:13:09',	NULL,	NULL),
(52,	131,	4,	'2025-08-06 04:19:36',	NULL,	NULL),
(53,	132,	4,	'2025-08-06 04:19:36',	NULL,	NULL),
(54,	133,	4,	'2025-08-06 04:19:44',	'2025-08-06 04:19:44',	'2025-08-06 04:19:44'),
(55,	133,	2,	'2025-08-06 04:19:44',	NULL,	NULL),
(56,	134,	2,	'2025-08-06 04:20:04',	'2025-08-06 04:20:04',	'2025-08-06 04:20:04'),
(57,	133,	8,	'2025-08-06 04:20:19',	NULL,	NULL),
(58,	134,	8,	'2025-08-06 04:20:19',	NULL,	NULL),
(59,	134,	4,	'2025-08-06 04:21:01',	NULL,	NULL),
(60,	129,	4,	'2025-08-06 04:29:11',	NULL,	NULL),
(61,	130,	4,	'2025-08-06 04:29:11',	NULL,	NULL),
(62,	129,	6,	'2025-08-06 04:32:52',	NULL,	NULL),
(63,	130,	6,	'2025-08-06 04:32:52',	NULL,	NULL),
(64,	81,	5,	'2025-08-06 04:35:04',	NULL,	NULL),
(65,	87,	5,	'2025-08-06 04:35:04',	NULL,	NULL),
(66,	106,	5,	'2025-08-06 04:35:04',	NULL,	NULL),
(67,	122,	5,	'2025-08-06 04:35:04',	NULL,	NULL),
(68,	125,	5,	'2025-08-06 04:35:04',	NULL,	NULL),
(69,	129,	5,	'2025-08-06 04:35:04',	NULL,	NULL),
(70,	130,	5,	'2025-08-06 04:35:04',	NULL,	NULL),
(71,	131,	5,	'2025-08-06 04:35:25',	NULL,	NULL),
(72,	132,	5,	'2025-08-06 04:35:25',	NULL,	NULL),
(73,	133,	5,	'2025-08-06 04:35:25',	NULL,	NULL),
(74,	134,	5,	'2025-08-06 04:35:25',	NULL,	NULL),
(75,	131,	11,	'2025-08-06 04:37:53',	NULL,	NULL),
(76,	132,	11,	'2025-08-06 04:37:53',	NULL,	NULL),
(77,	133,	11,	'2025-08-06 04:37:53',	NULL,	NULL),
(78,	134,	11,	'2025-08-06 04:37:53',	NULL,	NULL),
(79,	125,	11,	'2025-08-06 04:38:13',	NULL,	NULL),
(80,	129,	11,	'2025-08-06 04:38:13',	NULL,	NULL),
(81,	130,	11,	'2025-08-06 04:38:13',	NULL,	NULL),
(82,	131,	12,	'2025-08-06 04:39:42',	NULL,	NULL),
(83,	132,	12,	'2025-08-06 04:39:42',	NULL,	NULL),
(84,	133,	12,	'2025-08-06 04:39:42',	NULL,	NULL),
(85,	134,	12,	'2025-08-06 04:39:42',	NULL,	NULL),
(86,	81,	12,	'2025-08-06 04:39:50',	NULL,	NULL),
(87,	87,	12,	'2025-08-06 04:39:50',	NULL,	NULL),
(88,	106,	12,	'2025-08-06 04:39:50',	NULL,	NULL),
(89,	122,	12,	'2025-08-06 04:39:50',	NULL,	NULL),
(90,	125,	12,	'2025-08-06 04:39:50',	NULL,	NULL),
(91,	129,	12,	'2025-08-06 04:39:50',	NULL,	NULL),
(92,	130,	12,	'2025-08-06 04:39:50',	NULL,	NULL),
(93,	131,	6,	'2025-08-06 04:39:51',	NULL,	NULL),
(94,	132,	6,	'2025-08-06 04:39:51',	NULL,	NULL),
(95,	133,	6,	'2025-08-06 04:39:51',	NULL,	NULL),
(96,	134,	6,	'2025-08-06 04:39:51',	NULL,	NULL),
(97,	131,	3,	'2025-08-06 04:40:49',	NULL,	NULL),
(98,	132,	3,	'2025-08-06 04:40:49',	NULL,	NULL),
(99,	133,	3,	'2025-08-06 04:40:49',	NULL,	NULL),
(100,	134,	3,	'2025-08-06 04:40:49',	NULL,	NULL),
(101,	81,	3,	'2025-08-06 04:41:03',	NULL,	NULL),
(102,	87,	3,	'2025-08-06 04:41:03',	NULL,	NULL),
(103,	106,	3,	'2025-08-06 04:41:03',	NULL,	NULL),
(104,	122,	3,	'2025-08-06 04:41:03',	NULL,	NULL),
(105,	125,	3,	'2025-08-06 04:41:03',	NULL,	NULL),
(106,	129,	3,	'2025-08-06 04:41:03',	NULL,	NULL),
(107,	130,	3,	'2025-08-06 04:41:03',	NULL,	NULL),
(108,	132,	1,	'2025-08-06 04:44:12',	NULL,	NULL),
(109,	133,	1,	'2025-08-06 04:44:12',	NULL,	NULL),
(110,	134,	1,	'2025-08-06 04:44:12',	NULL,	NULL),
(111,	162,	12,	'2025-08-06 04:53:49',	'2025-08-06 04:53:49',	'2025-08-06 04:53:49'),
(112,	162,	11,	'2025-08-06 04:55:05',	NULL,	NULL),
(113,	163,	11,	'2025-08-06 04:55:14',	'2025-08-06 04:55:14',	'2025-08-06 04:55:14'),
(114,	163,	12,	'2025-08-06 04:55:15',	NULL,	NULL),
(115,	131,	9,	'2025-08-06 05:05:21',	NULL,	NULL),
(116,	132,	9,	'2025-08-06 05:05:21',	NULL,	NULL),
(117,	133,	9,	'2025-08-06 05:05:21',	NULL,	NULL),
(118,	134,	9,	'2025-08-06 05:05:21',	NULL,	NULL),
(119,	162,	1,	'2025-08-06 06:21:48',	NULL,	NULL),
(120,	163,	1,	'2025-08-06 06:21:48',	NULL,	NULL),
(121,	81,	10,	'2025-08-06 07:44:38',	NULL,	NULL),
(122,	87,	10,	'2025-08-06 07:44:38',	NULL,	NULL),
(123,	106,	10,	'2025-08-06 07:44:38',	NULL,	NULL),
(124,	122,	10,	'2025-08-06 07:44:38',	NULL,	NULL),
(125,	125,	10,	'2025-08-06 07:44:38',	NULL,	NULL),
(126,	129,	10,	'2025-08-06 07:44:38',	NULL,	NULL),
(127,	130,	10,	'2025-08-06 07:44:38',	NULL,	NULL),
(128,	131,	10,	'2025-08-06 07:45:17',	NULL,	NULL),
(129,	132,	10,	'2025-08-06 07:45:17',	NULL,	NULL),
(130,	133,	10,	'2025-08-06 07:45:17',	NULL,	NULL),
(131,	134,	10,	'2025-08-06 07:45:17',	NULL,	NULL),
(132,	122,	9,	'2025-08-07 04:28:50',	NULL,	NULL),
(133,	125,	9,	'2025-08-07 04:28:50',	NULL,	NULL),
(134,	129,	9,	'2025-08-07 04:28:50',	NULL,	NULL),
(135,	130,	9,	'2025-08-07 04:28:50',	NULL,	NULL),
(136,	211,	2,	'2025-08-07 07:04:40',	'2025-08-07 07:04:40',	'2025-08-07 07:04:40'),
(137,	216,	2,	'2025-08-07 07:20:25',	'2025-08-07 07:20:25',	'2025-08-07 07:20:25'),
(138,	162,	9,	'2025-08-07 07:39:57',	NULL,	NULL),
(139,	163,	9,	'2025-08-07 07:39:57',	NULL,	NULL),
(140,	236,	2,	'2025-08-08 15:14:15',	'2025-08-08 15:14:15',	'2025-08-08 15:14:15');

DROP TABLE IF EXISTS `jobs`;
CREATE TABLE `jobs` (
  `id` bigint(20) unsigned NOT NULL AUTO_INCREMENT,
  `queue` varchar(255) NOT NULL,
  `payload` longtext NOT NULL,
  `attempts` tinyint(3) unsigned NOT NULL,
  `reserved_at` int(10) unsigned DEFAULT NULL,
  `available_at` int(10) unsigned NOT NULL,
  `created_at` int(10) unsigned NOT NULL,
  PRIMARY KEY (`id`),
  KEY `jobs_queue_index` (`queue`)
) ENGINE=InnoDB DEFAULT CHARSET=utf8mb4 COLLATE=utf8mb4_unicode_ci;


DROP TABLE IF EXISTS `job_batches`;
CREATE TABLE `job_batches` (
  `id` varchar(255) NOT NULL,
  `name` varchar(255) NOT NULL,
  `total_jobs` int(11) NOT NULL,
  `pending_jobs` int(11) NOT NULL,
  `failed_jobs` int(11) NOT NULL,
  `failed_job_ids` longtext NOT NULL,
  `options` mediumtext DEFAULT NULL,
  `cancelled_at` int(11) DEFAULT NULL,
  `created_at` int(11) NOT NULL,
  `finished_at` int(11) DEFAULT NULL,
  PRIMARY KEY (`id`)
) ENGINE=InnoDB DEFAULT CHARSET=utf8mb4 COLLATE=utf8mb4_unicode_ci;


DROP TABLE IF EXISTS `messages`;
CREATE TABLE `messages` (
  `id` bigint(20) unsigned NOT NULL AUTO_INCREMENT,
  `sender_id` bigint(20) unsigned NOT NULL,
  `receiver_id` bigint(20) unsigned DEFAULT NULL,
  `receiver_type` varchar(255) NOT NULL DEFAULT 'user',
  `group_id` bigint(20) unsigned DEFAULT NULL,
  `message` text DEFAULT NULL,
  `file_path` varchar(255) DEFAULT NULL,
  `type` varchar(255) NOT NULL DEFAULT 'text',
  `file_extension` varchar(255) DEFAULT NULL,
  `sent_at` timestamp NOT NULL DEFAULT current_timestamp(),
  `read_at` timestamp NULL DEFAULT NULL,
  `created_at` timestamp NULL DEFAULT NULL,
  `updated_at` timestamp NULL DEFAULT NULL,
  PRIMARY KEY (`id`),
  KEY `messages_group_id_foreign` (`group_id`),
  KEY `messages_sender_id_foreign` (`sender_id`),
  KEY `messages_receiver_id_foreign` (`receiver_id`),
  CONSTRAINT `messages_group_id_foreign` FOREIGN KEY (`group_id`) REFERENCES `groups` (`id`) ON DELETE CASCADE,
  CONSTRAINT `messages_receiver_id_foreign` FOREIGN KEY (`receiver_id`) REFERENCES `users` (`id`) ON DELETE SET NULL,
  CONSTRAINT `messages_sender_id_foreign` FOREIGN KEY (`sender_id`) REFERENCES `users` (`id`) ON DELETE CASCADE
) ENGINE=InnoDB AUTO_INCREMENT=246 DEFAULT CHARSET=utf8mb4 COLLATE=utf8mb4_unicode_ci;

INSERT INTO `messages` (`id`, `sender_id`, `receiver_id`, `receiver_type`, `group_id`, `message`, `file_path`, `type`, `file_extension`, `sent_at`, `read_at`, `created_at`, `updated_at`) VALUES
(1,	8,	4,	'user',	NULL,	'Hello',	NULL,	'text',	NULL,	'2025-08-04 12:55:16',	'2025-08-04 12:55:49',	'2025-08-04 12:55:16',	'2025-08-04 12:55:49'),
(2,	4,	8,	'user',	NULL,	'OK',	NULL,	'text',	NULL,	'2025-08-04 12:55:52',	'2025-08-04 12:55:52',	'2025-08-04 12:55:52',	'2025-08-04 12:55:52'),
(3,	3,	4,	'user',	NULL,	'Hello',	NULL,	'text',	NULL,	'2025-08-04 12:55:57',	'2025-08-04 12:56:01',	'2025-08-04 12:55:57',	'2025-08-04 12:56:01'),
(4,	6,	5,	'user',	NULL,	'hello',	NULL,	'text',	NULL,	'2025-08-04 12:56:02',	'2025-08-04 12:56:11',	'2025-08-04 12:56:02',	'2025-08-04 12:56:11'),
(5,	4,	3,	'user',	NULL,	'kaam karlo',	NULL,	'text',	NULL,	'2025-08-04 12:56:05',	'2025-08-04 12:56:06',	'2025-08-04 12:56:05',	'2025-08-04 12:56:06'),
(6,	5,	6,	'user',	NULL,	'han',	NULL,	'text',	NULL,	'2025-08-04 12:56:15',	'2025-08-04 12:56:16',	'2025-08-04 12:56:15',	'2025-08-04 12:56:16'),
(7,	11,	9,	'user',	NULL,	'hi',	NULL,	'text',	NULL,	'2025-08-04 12:56:54',	'2025-08-04 12:57:04',	'2025-08-04 12:56:54',	'2025-08-04 12:57:04'),
(8,	5,	6,	'user',	NULL,	'ln',	NULL,	'text',	NULL,	'2025-08-04 12:57:02',	'2025-08-04 12:58:14',	'2025-08-04 12:57:02',	'2025-08-04 12:58:14'),
(9,	10,	7,	'user',	NULL,	'hello',	NULL,	'text',	NULL,	'2025-08-04 12:57:37',	'2025-08-04 12:58:00',	'2025-08-04 12:57:37',	'2025-08-04 12:58:00'),
(10,	7,	5,	'user',	NULL,	'HI',	NULL,	'text',	NULL,	'2025-08-04 12:57:43',	'2025-08-04 12:58:20',	'2025-08-04 12:57:43',	'2025-08-04 12:58:20'),
(11,	9,	11,	'user',	NULL,	'hi',	NULL,	'text',	NULL,	'2025-08-04 12:57:55',	'2025-08-04 12:57:55',	'2025-08-04 12:57:55',	'2025-08-04 12:57:55'),
(12,	7,	10,	'user',	NULL,	'hang',	NULL,	'text',	NULL,	'2025-08-04 12:58:03',	'2025-08-04 12:58:35',	'2025-08-04 12:58:03',	'2025-08-04 12:58:35'),
(13,	5,	7,	'user',	NULL,	'G',	NULL,	'text',	NULL,	'2025-08-04 12:58:23',	'2025-08-04 12:58:28',	'2025-08-04 12:58:23',	'2025-08-04 12:58:28'),
(14,	7,	5,	'user',	NULL,	'Assala o alaikum',	NULL,	'text',	NULL,	'2025-08-04 12:58:42',	'2025-08-04 12:58:44',	'2025-08-04 12:58:42',	'2025-08-04 12:58:44'),
(15,	10,	7,	'user',	NULL,	'sai hai',	NULL,	'text',	NULL,	'2025-08-04 12:58:43',	'2025-08-04 12:58:48',	'2025-08-04 12:58:43',	'2025-08-04 12:58:48'),
(16,	5,	7,	'user',	NULL,	'ws',	NULL,	'text',	NULL,	'2025-08-04 12:58:51',	'2025-08-04 12:58:55',	'2025-08-04 12:58:51',	'2025-08-04 12:58:55'),
(17,	7,	5,	'user',	NULL,	'Assala o alaikum',	NULL,	'text',	NULL,	'2025-08-04 12:59:01',	'2025-08-04 12:59:02',	'2025-08-04 12:59:01',	'2025-08-04 12:59:02'),
(18,	6,	9,	'user',	NULL,	'Hlw',	NULL,	'text',	NULL,	'2025-08-04 12:59:38',	'2025-08-04 13:01:13',	'2025-08-04 12:59:38',	'2025-08-04 13:01:13'),
(19,	7,	5,	'user',	NULL,	'WhatsApp Image 2025-07-23 at 8.45.49 AM.jpeg',	'chat_files/WhatsApp Image 2025-07-23 at 8.45.49 AM_UgQmSfMz.jpeg',	'text',	'jpeg',	'2025-08-04 13:00:31',	'2025-08-04 13:05:40',	'2025-08-04 13:00:31',	'2025-08-04 13:05:40'),
(20,	9,	11,	'user',	NULL,	'app.pdf',	'chat_files/app_9DnYa3sf.pdf',	'text',	'pdf',	'2025-08-04 13:00:34',	'2025-08-04 13:00:35',	'2025-08-04 13:00:34',	'2025-08-04 13:00:35'),
(21,	5,	6,	'user',	NULL,	'https://docs.google.com/document/d/1ZLEAu1X3AyuiMpAIPl9FbQJ2v1KM2A5ec75sN142JN8/edit?tab=t.0',	NULL,	'text',	NULL,	'2025-08-04 13:00:37',	'2025-08-04 13:01:48',	'2025-08-04 13:00:37',	'2025-08-04 13:01:48'),
(22,	6,	5,	'user',	NULL,	'Enhancer.photo.png',	'chat_files/Enhancer.photo_H2qE0MGf.png',	'text',	'png',	'2025-08-04 13:00:38',	'2025-08-04 13:01:27',	'2025-08-04 13:00:38',	'2025-08-04 13:01:27'),
(23,	3,	4,	'user',	NULL,	'vitamin C Insta Post.png',	'chat_files/vitamin C Insta Post_umgwn47I.png',	'text',	'png',	'2025-08-04 13:01:14',	'2025-08-04 13:01:49',	'2025-08-04 13:01:14',	'2025-08-04 13:01:49'),
(24,	11,	9,	'user',	NULL,	'wet-sphere-reflective-water-abstract-beauty-generated-by-ai.jpg',	'chat_files/wet-sphere-reflective-water-abstract-beauty-generated-by-ai_GGhyCw4i.jpg',	'text',	'jpg',	'2025-08-04 13:01:49',	'2025-08-04 13:03:21',	'2025-08-04 13:01:49',	'2025-08-04 13:03:21'),
(25,	4,	3,	'user',	NULL,	'Kaam karlo',	NULL,	'text',	NULL,	'2025-08-04 13:02:35',	'2025-08-04 13:03:13',	'2025-08-04 13:02:35',	'2025-08-04 13:03:13'),
(26,	7,	9,	'user',	NULL,	'Aoa sir',	NULL,	'text',	NULL,	'2025-08-04 13:03:38',	'2025-08-04 13:35:45',	'2025-08-04 13:03:38',	'2025-08-04 13:35:45'),
(27,	7,	9,	'user',	NULL,	'Sir g jaaon',	NULL,	'text',	NULL,	'2025-08-04 13:03:51',	'2025-08-04 13:35:45',	'2025-08-04 13:03:51',	'2025-08-04 13:35:45'),
(28,	11,	9,	'user',	NULL,	'code kr ly pull',	NULL,	'text',	NULL,	'2025-08-04 13:04:32',	'2025-08-04 13:04:43',	'2025-08-04 13:04:32',	'2025-08-04 13:04:43'),
(29,	11,	9,	'user',	NULL,	'yg',	NULL,	'text',	NULL,	'2025-08-04 13:04:50',	'2025-08-04 13:05:06',	'2025-08-04 13:04:50',	'2025-08-04 13:05:06'),
(30,	11,	9,	'user',	NULL,	'hi',	NULL,	'text',	NULL,	'2025-08-04 13:05:09',	'2025-08-04 13:06:02',	'2025-08-04 13:05:09',	'2025-08-04 13:06:02'),
(31,	6,	5,	'user',	NULL,	'how r u',	NULL,	'text',	NULL,	'2025-08-04 13:05:19',	'2025-08-04 13:05:34',	'2025-08-04 13:05:19',	'2025-08-04 13:05:34'),
(32,	5,	6,	'user',	NULL,	'ejsrutk',	NULL,	'text',	NULL,	'2025-08-04 13:05:53',	'2025-08-04 13:06:03',	'2025-08-04 13:05:53',	'2025-08-04 13:06:03'),
(33,	11,	9,	'user',	NULL,	'hi',	NULL,	'text',	NULL,	'2025-08-04 13:06:12',	'2025-08-04 13:06:13',	'2025-08-04 13:06:12',	'2025-08-04 13:06:13'),
(34,	3,	4,	'user',	NULL,	'koi IMG send kro',	NULL,	'text',	NULL,	'2025-08-04 13:06:39',	'2025-08-04 13:07:23',	'2025-08-04 13:06:39',	'2025-08-04 13:07:23'),
(35,	4,	3,	'user',	NULL,	'Vocals-Media.webp',	'chat_files/Vocals-Media_JQE5RpkN.webp',	'text',	'webp',	'2025-08-04 13:07:16',	'2025-08-04 13:07:18',	'2025-08-04 13:07:16',	'2025-08-04 13:07:18'),
(36,	6,	5,	'user',	NULL,	'Screenshot 2025-03-21 091742.png',	'chat_files/Screenshot 2025-03-21 091742_vTuGDp6E.png',	'text',	'png',	'2025-08-04 13:07:19',	'2025-08-04 13:08:22',	'2025-08-04 13:07:19',	'2025-08-04 13:08:22'),
(37,	5,	6,	'user',	NULL,	'ok kr',	NULL,	'text',	NULL,	'2025-08-04 13:08:29',	'2025-08-04 13:08:38',	'2025-08-04 13:08:29',	'2025-08-04 13:08:38'),
(38,	12,	4,	'user',	NULL,	'abc',	NULL,	'text',	NULL,	'2025-08-04 13:09:07',	'2025-08-04 13:12:09',	'2025-08-04 13:09:07',	'2025-08-04 13:12:09'),
(39,	5,	6,	'user',	NULL,	'Why-Your-Online-Presence-Needs-More-Than-Just-Great-Content-08-01-2025_09_45_AM.png',	'chat_files/Why-Your-Online-Presence-Needs-More-Than-Just-Great-Content-08-01-2025_09_45_AM_7cJXwRmP.png',	'text',	'png',	'2025-08-04 13:09:11',	'2025-08-04 13:09:13',	'2025-08-04 13:09:11',	'2025-08-04 13:09:13'),
(40,	6,	5,	'user',	NULL,	'Bone Healing after Fracture.pptx',	'chat_files/Bone Healing after Fracture_gqGaI1Tc.pptx',	'text',	'pptx',	'2025-08-04 13:09:16',	'2025-08-04 13:12:28',	'2025-08-04 13:09:16',	'2025-08-04 13:12:28'),
(41,	5,	6,	'user',	NULL,	'n tyi,fukoy7ihjnrd76.pdf',	'chat_files/n tyi,fukoy7ihjnrd76_r57WiOsh.pdf',	'text',	'pdf',	'2025-08-04 13:10:05',	'2025-08-04 13:10:18',	'2025-08-04 13:10:05',	'2025-08-04 13:10:18'),
(42,	10,	7,	'user',	NULL,	'APP3.apk',	'chat_files/APP3_WkTwDgYv.apk',	'text',	'apk',	'2025-08-04 13:10:07',	'2025-08-04 13:10:56',	'2025-08-04 13:10:07',	'2025-08-04 13:10:56'),
(43,	9,	11,	'user',	NULL,	'app-release.aab',	'chat_files/app-release_KDBX0ZCj.aab',	'text',	'aab',	'2025-08-04 13:10:20',	'2025-08-04 13:12:32',	'2025-08-04 13:10:20',	'2025-08-04 13:12:32'),
(44,	7,	10,	'user',	NULL,	'github-recovery-codes.txt',	'chat_files/github-recovery-codes_YETWK1re.txt',	'text',	'txt',	'2025-08-04 13:11:25',	'2025-08-04 13:11:51',	'2025-08-04 13:11:25',	'2025-08-04 13:11:51'),
(45,	7,	10,	'user',	NULL,	'[Muhammad Bilal Nadeem Report ] - [ 29-June-start ] .docx',	'chat_files/[Muhammad Bilal Nadeem Report ] - [ 29-June-start ] _aB9HtNAK.docx',	'text',	'docx',	'2025-08-04 13:11:35',	'2025-08-04 13:11:51',	'2025-08-04 13:11:35',	'2025-08-04 13:11:51'),
(46,	9,	11,	'user',	NULL,	'bvghgh',	NULL,	'text',	NULL,	'2025-08-04 13:11:53',	'2025-08-04 13:12:32',	'2025-08-04 13:11:53',	'2025-08-04 13:12:32'),
(47,	5,	6,	'user',	NULL,	'g3h7eity8.pdf',	'chat_files/g3h7eity8_LNntjUBk.pdf',	'text',	'pdf',	'2025-08-04 13:11:54',	'2025-08-04 13:12:04',	'2025-08-04 13:11:54',	'2025-08-04 13:12:04'),
(48,	4,	12,	'user',	NULL,	'def',	NULL,	'text',	NULL,	'2025-08-04 13:12:16',	'2025-08-04 13:12:28',	'2025-08-04 13:12:16',	'2025-08-04 13:12:28'),
(49,	7,	10,	'user',	NULL,	'app-release.apk',	'chat_files/app-release_N788C4er.apk',	'text',	'apk',	'2025-08-04 13:13:42',	'2025-08-04 13:14:17',	'2025-08-04 13:13:42',	'2025-08-04 13:14:17'),
(50,	2,	12,	'user',	NULL,	'Hlw',	NULL,	'text',	NULL,	'2025-08-04 13:14:29',	'2025-08-04 13:14:42',	'2025-08-04 13:14:29',	'2025-08-04 13:14:42'),
(51,	7,	10,	'user',	NULL,	'WhatsApp Image 2025-07-23 at 8.45.49 AM.jpeg',	'chat_files/WhatsApp Image 2025-07-23 at 8.45.49 AM_PoN06Rxo.jpeg',	'text',	'jpeg',	'2025-08-04 13:14:40',	'2025-08-04 13:14:42',	'2025-08-04 13:14:40',	'2025-08-04 13:14:42'),
(52,	10,	7,	'user',	NULL,	'PunchDeckDroptheHammerMASTER(chosic.com).mp3',	'chat_files/PunchDeckDroptheHammerMASTER(chosic.com)_yaCunHgH.mp3',	'text',	'mp3',	'2025-08-04 13:16:41',	'2025-08-04 13:16:50',	'2025-08-04 13:16:41',	'2025-08-04 13:16:50'),
(53,	7,	10,	'user',	NULL,	'https://pub.dev/packages/timezone/install',	NULL,	'text',	NULL,	'2025-08-04 13:18:38',	'2025-08-04 13:19:05',	'2025-08-04 13:18:38',	'2025-08-04 13:19:05'),
(54,	4,	12,	'user',	NULL,	'ghi',	NULL,	'text',	NULL,	'2025-08-04 13:24:48',	'2025-08-04 13:24:55',	'2025-08-04 13:24:48',	'2025-08-04 13:24:55'),
(55,	4,	12,	'user',	NULL,	'jkl',	NULL,	'text',	NULL,	'2025-08-04 13:25:00',	'2025-08-04 13:25:00',	'2025-08-04 13:25:00',	'2025-08-04 13:25:00'),
(56,	12,	4,	'user',	NULL,	'hi',	NULL,	'text',	NULL,	'2025-08-04 13:26:21',	'2025-08-04 13:26:23',	'2025-08-04 13:26:21',	'2025-08-04 13:26:23'),
(57,	12,	4,	'user',	NULL,	'hi2',	NULL,	'text',	NULL,	'2025-08-04 13:27:17',	'2025-08-04 13:27:18',	'2025-08-04 13:27:17',	'2025-08-04 13:27:18'),
(58,	12,	4,	'user',	NULL,	'hi',	NULL,	'text',	NULL,	'2025-08-04 13:29:07',	'2025-08-04 13:29:19',	'2025-08-04 13:29:07',	'2025-08-04 13:29:19'),
(59,	12,	4,	'user',	NULL,	'vbsvksvsk',	NULL,	'text',	NULL,	'2025-08-04 13:29:25',	'2025-08-04 13:29:50',	'2025-08-04 13:29:25',	'2025-08-04 13:29:50'),
(60,	12,	4,	'user',	NULL,	'dhgckvsadhvkas',	NULL,	'text',	NULL,	'2025-08-04 13:29:54',	'2025-08-04 13:29:54',	'2025-08-04 13:29:54',	'2025-08-04 13:29:54'),
(61,	2,	12,	'user',	NULL,	'recording (4).wav',	'chat_files/recording (4)_JQIEOo5P.wav',	'text',	'wav',	'2025-08-04 13:32:55',	'2025-08-04 13:33:02',	'2025-08-04 13:32:55',	'2025-08-04 13:33:02'),
(62,	11,	9,	'user',	NULL,	'helo',	NULL,	'text',	NULL,	'2025-08-04 13:35:21',	'2025-08-04 13:35:26',	'2025-08-04 13:35:21',	'2025-08-04 13:35:26'),
(63,	11,	9,	'user',	NULL,	'heolo',	NULL,	'text',	NULL,	'2025-08-04 13:35:34',	'2025-08-04 13:35:35',	'2025-08-04 13:35:34',	'2025-08-04 13:35:35'),
(64,	9,	7,	'user',	NULL,	'n',	NULL,	'text',	NULL,	'2025-08-04 13:35:49',	'2025-08-05 09:26:30',	'2025-08-04 13:35:49',	'2025-08-05 09:26:30'),
(65,	9,	7,	'user',	NULL,	'jhsdhc',	NULL,	'text',	NULL,	'2025-08-04 13:36:05',	'2025-08-05 09:26:30',	'2025-08-04 13:36:05',	'2025-08-05 09:26:30'),
(66,	9,	7,	'user',	NULL,	'fdhjfdh',	NULL,	'text',	NULL,	'2025-08-04 13:36:07',	'2025-08-05 09:26:30',	'2025-08-04 13:36:07',	'2025-08-05 09:26:30'),
(67,	9,	11,	'user',	NULL,	'fdjjkfd',	NULL,	'text',	NULL,	'2025-08-04 13:36:15',	'2025-08-04 13:36:16',	'2025-08-04 13:36:15',	'2025-08-04 13:36:16'),
(68,	9,	11,	'user',	NULL,	'jfdjjfdjkfd',	NULL,	'text',	NULL,	'2025-08-04 13:36:18',	'2025-08-04 13:36:18',	'2025-08-04 13:36:18',	'2025-08-04 13:36:18'),
(69,	9,	11,	'user',	NULL,	'jfjfdjkfjdkkfjd',	NULL,	'text',	NULL,	'2025-08-04 13:36:20',	'2025-08-04 13:36:20',	'2025-08-04 13:36:20',	'2025-08-04 13:36:20'),
(70,	9,	11,	'user',	NULL,	'kjdfkjfjfdjfkjd',	NULL,	'text',	NULL,	'2025-08-04 13:36:22',	'2025-08-04 13:36:22',	'2025-08-04 13:36:22',	'2025-08-04 13:36:22'),
(71,	11,	9,	'user',	NULL,	'app-release_KDBX0ZCj.aab',	'chat_files/app-release_KDBX0ZCj_Z69nnAS8.aab',	'text',	'aab',	'2025-08-04 13:42:09',	'2025-08-05 09:21:32',	'2025-08-04 13:42:09',	'2025-08-05 09:21:32'),
(72,	11,	9,	'user',	NULL,	'app-release_KDBX0ZCj.aab',	'chat_files/app-release_KDBX0ZCj_bndoEdEG.aab',	'text',	'aab',	'2025-08-04 13:44:29',	'2025-08-05 09:21:32',	'2025-08-04 13:44:29',	'2025-08-05 09:21:32'),
(73,	11,	9,	'user',	NULL,	'app-release_KDBX0ZCj.aab',	'chat_files/app-release_KDBX0ZCj_Mb2QScuM.aab',	'text',	'aab',	'2025-08-04 13:44:29',	'2025-08-05 09:21:32',	'2025-08-04 13:44:29',	'2025-08-05 09:21:32'),
(74,	11,	9,	'user',	NULL,	'app-release_KDBX0ZCj.aab',	'chat_files/app-release_KDBX0ZCj_0eXFMfZq.aab',	'text',	'aab',	'2025-08-04 13:44:29',	'2025-08-05 09:21:32',	'2025-08-04 13:44:29',	'2025-08-05 09:21:32'),
(76,	2,	NULL,	'user',	2,	'every user is required to uninstall the app and then reinstall the app for better ui.',	NULL,	'text',	NULL,	'2025-08-04 23:23:56',	NULL,	'2025-08-04 23:23:56',	'2025-08-04 23:23:56'),
(77,	2,	NULL,	'user',	2,	'Screenshot From 2025-08-05 04-24-32.png',	'chat_files/Screenshot From 2025-08-05 04-24-32_fjTs6zHC.png',	'text',	'png',	'2025-08-04 23:24:58',	NULL,	'2025-08-04 23:24:58',	'2025-08-04 23:24:58'),
(78,	2,	NULL,	'user',	2,	'here is the option to uninstall it and then reinstall it using this link: chat.askseo.me',	NULL,	'text',	NULL,	'2025-08-04 23:25:31',	NULL,	'2025-08-04 23:25:31',	'2025-08-04 23:25:31'),
(79,	11,	4,	'user',	NULL,	'AJmal bhai noman bhai (Designer) Ana ha??',	NULL,	'text',	NULL,	'2025-08-05 04:58:33',	'2025-08-05 09:32:34',	'2025-08-05 04:58:33',	'2025-08-05 09:32:34'),
(80,	8,	4,	'user',	NULL,	'Kya chahty ho tum',	NULL,	'text',	NULL,	'2025-08-05 05:01:36',	'2025-08-05 09:32:32',	'2025-08-05 05:01:36',	'2025-08-05 09:32:32'),
(81,	2,	NULL,	'user',	3,	'All users are requested to report all errors during the usage of this app here.',	NULL,	'text',	NULL,	'2025-08-05 06:26:12',	NULL,	'2025-08-05 06:26:12',	'2025-08-05 06:26:12'),
(82,	10,	2,	'user',	NULL,	'APP2.apk',	'chat_files/APP2_CTGqaa17.apk',	'text',	'apk',	'2025-08-05 06:31:02',	'2025-08-05 06:38:24',	'2025-08-05 06:31:02',	'2025-08-05 06:38:24'),
(83,	9,	11,	'user',	NULL,	'app-debug.apk',	'chat_files/app-debug_mTUBpeew.apk',	'text',	'apk',	'2025-08-05 09:23:19',	'2025-08-05 09:40:12',	'2025-08-05 09:23:19',	'2025-08-05 09:40:12'),
(84,	9,	7,	'user',	NULL,	'hgdhgds',	NULL,	'text',	NULL,	'2025-08-05 09:23:46',	'2025-08-05 09:26:30',	'2025-08-05 09:23:46',	'2025-08-05 09:26:30'),
(85,	6,	4,	'user',	NULL,	'hlwww',	NULL,	'text',	NULL,	'2025-08-05 09:24:53',	'2025-08-05 09:32:28',	'2025-08-05 09:24:53',	'2025-08-05 09:32:28'),
(86,	6,	4,	'user',	NULL,	'i hate you',	NULL,	'text',	NULL,	'2025-08-05 09:25:00',	'2025-08-05 09:32:28',	'2025-08-05 09:25:00',	'2025-08-05 09:32:28'),
(87,	7,	NULL,	'user',	3,	'ok brother',	NULL,	'text',	NULL,	'2025-08-05 09:26:56',	NULL,	'2025-08-05 09:26:56',	'2025-08-05 09:26:56'),
(88,	7,	9,	'user',	NULL,	'sedxd',	NULL,	'text',	NULL,	'2025-08-05 09:27:44',	'2025-08-05 09:28:54',	'2025-08-05 09:27:44',	'2025-08-05 09:28:54'),
(89,	7,	9,	'user',	NULL,	'edr',	NULL,	'text',	NULL,	'2025-08-05 09:27:50',	'2025-08-05 09:28:54',	'2025-08-05 09:27:50',	'2025-08-05 09:28:54'),
(90,	7,	9,	'user',	NULL,	'wsedrfex',	NULL,	'text',	NULL,	'2025-08-05 09:28:32',	'2025-08-05 09:28:54',	'2025-08-05 09:28:32',	'2025-08-05 09:28:54'),
(91,	9,	6,	'user',	NULL,	'hi',	NULL,	'text',	NULL,	'2025-08-05 09:31:14',	'2025-08-05 09:31:48',	'2025-08-05 09:31:14',	'2025-08-05 09:31:48'),
(92,	6,	9,	'user',	NULL,	'hlww',	NULL,	'text',	NULL,	'2025-08-05 09:31:55',	'2025-08-05 09:53:36',	'2025-08-05 09:31:55',	'2025-08-05 09:53:36'),
(93,	4,	11,	'user',	NULL,	'Nahi',	NULL,	'text',	NULL,	'2025-08-05 09:32:41',	'2025-08-05 09:40:10',	'2025-08-05 09:32:41',	'2025-08-05 09:40:10'),
(94,	4,	11,	'user',	NULL,	'wo off pe hai aaj',	NULL,	'text',	NULL,	'2025-08-05 09:32:46',	'2025-08-05 09:40:10',	'2025-08-05 09:32:46',	'2025-08-05 09:40:10'),
(95,	4,	6,	'user',	NULL,	'ch',	NULL,	'text',	NULL,	'2025-08-05 09:32:58',	'2025-08-05 09:33:21',	'2025-08-05 09:32:58',	'2025-08-05 09:33:21'),
(96,	4,	6,	'user',	NULL,	'msg kro',	NULL,	'text',	NULL,	'2025-08-05 09:40:32',	'2025-08-05 09:42:33',	'2025-08-05 09:40:32',	'2025-08-05 09:42:33'),
(97,	11,	9,	'user',	NULL,	'wet-sphere-reflective-water-abstract-beauty-generated-by-ai.jpg',	'chat_files/wet-sphere-reflective-water-abstract-beauty-generated-by-ai_ewRtpAsS.jpg',	'text',	'jpg',	'2025-08-05 09:41:57',	'2025-08-05 09:54:09',	'2025-08-05 09:41:57',	'2025-08-05 09:54:09'),
(98,	6,	4,	'user',	NULL,	'Bone_Healing_Practical_OSPE[1] [Autosaved].pptx',	'chat_files/Bone_Healing_Practical_OSPE[1] [Autosaved]_5RShLfG6.pptx',	'text',	'pptx',	'2025-08-05 09:43:03',	'2025-08-05 09:43:03',	'2025-08-05 09:43:03',	'2025-08-05 09:43:03'),
(99,	4,	6,	'user',	NULL,	'hello',	NULL,	'text',	NULL,	'2025-08-05 09:43:14',	'2025-08-05 09:43:14',	'2025-08-05 09:43:14',	'2025-08-05 09:43:14'),
(100,	4,	6,	'user',	NULL,	'Bomb Blast.mp4',	'chat_files/Bomb Blast_MwyHUs43.mp4',	'text',	'mp4',	'2025-08-05 09:44:43',	'2025-08-05 09:44:44',	'2025-08-05 09:44:43',	'2025-08-05 09:44:44'),
(101,	4,	6,	'user',	NULL,	'Ajmal.jpg',	'chat_files/Ajmal_ie45DpkJ.jpg',	'text',	'jpg',	'2025-08-05 09:45:27',	'2025-08-05 09:45:28',	'2025-08-05 09:45:27',	'2025-08-05 09:45:28'),
(102,	4,	6,	'user',	NULL,	'Birds T-Shirt.jpg',	'chat_files/Birds T-Shirt_ZU5uPED7.jpg',	'text',	'jpg',	'2025-08-05 09:45:43',	'2025-08-05 09:45:54',	'2025-08-05 09:45:43',	'2025-08-05 09:45:54'),
(103,	4,	6,	'user',	NULL,	'4 Samples.rar',	'chat_files/4 Samples_EiyHHdvk.rar',	'text',	'rar',	'2025-08-05 09:46:33',	'2025-08-05 09:46:58',	'2025-08-05 09:46:33',	'2025-08-05 09:46:58'),
(104,	9,	6,	'user',	NULL,	'shekh sab',	NULL,	'text',	NULL,	'2025-08-05 09:53:41',	'2025-08-05 09:54:13',	'2025-08-05 09:53:41',	'2025-08-05 09:54:13'),
(105,	2,	1,	'user',	NULL,	'Notification testing',	NULL,	'text',	NULL,	'2025-08-05 10:29:08',	'2025-08-05 10:30:04',	'2025-08-05 10:29:08',	'2025-08-05 10:30:04'),
(106,	1,	NULL,	'user',	3,	'No bug found?',	NULL,	'text',	NULL,	'2025-08-05 10:30:25',	NULL,	'2025-08-05 10:30:25',	'2025-08-05 10:30:25'),
(107,	9,	11,	'user',	NULL,	'ahhhh',	NULL,	'text',	NULL,	'2025-08-05 10:31:37',	'2025-08-05 10:32:02',	'2025-08-05 10:31:37',	'2025-08-05 10:32:02'),
(108,	9,	11,	'user',	NULL,	'vghg',	NULL,	'text',	NULL,	'2025-08-05 10:32:13',	'2025-08-05 10:32:13',	'2025-08-05 10:32:13',	'2025-08-05 10:32:13'),
(109,	11,	9,	'user',	NULL,	'keys ni ai abhi?',	NULL,	'text',	NULL,	'2025-08-05 11:10:35',	'2025-08-05 11:12:51',	'2025-08-05 11:10:35',	'2025-08-05 11:12:51'),
(110,	11,	9,	'user',	NULL,	'.',	NULL,	'text',	NULL,	'2025-08-05 11:11:43',	'2025-08-05 11:12:51',	'2025-08-05 11:11:43',	'2025-08-05 11:12:51'),
(111,	9,	11,	'user',	NULL,	'n',	NULL,	'text',	NULL,	'2025-08-05 11:12:55',	'2025-08-05 11:12:57',	'2025-08-05 11:12:55',	'2025-08-05 11:12:57'),
(112,	11,	9,	'user',	NULL,	'Ab phir?',	NULL,	'text',	NULL,	'2025-08-05 11:13:15',	'2025-08-05 11:13:15',	'2025-08-05 11:13:15',	'2025-08-05 11:13:15'),
(113,	11,	9,	'user',	NULL,	'Debug my run kru?',	NULL,	'text',	NULL,	'2025-08-05 11:13:22',	'2025-08-05 11:13:23',	'2025-08-05 11:13:22',	'2025-08-05 11:13:23'),
(114,	9,	11,	'user',	NULL,	'g',	NULL,	'text',	NULL,	'2025-08-05 11:13:37',	'2025-08-05 11:13:40',	'2025-08-05 11:13:37',	'2025-08-05 11:13:40'),
(115,	9,	11,	'user',	NULL,	'test to kro',	NULL,	'text',	NULL,	'2025-08-05 11:13:42',	'2025-08-05 11:13:42',	'2025-08-05 11:13:42',	'2025-08-05 11:13:42'),
(116,	11,	9,	'user',	NULL,	'ok',	NULL,	'text',	NULL,	'2025-08-05 11:13:50',	'2025-08-05 11:13:51',	'2025-08-05 11:13:50',	'2025-08-05 11:13:51'),
(117,	9,	11,	'user',	NULL,	'isp msj n kri',	NULL,	'text',	NULL,	'2025-08-05 11:13:56',	'2025-08-05 11:13:56',	'2025-08-05 11:13:56',	'2025-08-05 11:13:56'),
(118,	9,	11,	'user',	NULL,	'kro',	NULL,	'text',	NULL,	'2025-08-05 11:13:57',	'2025-08-05 11:13:58',	'2025-08-05 11:13:57',	'2025-08-05 11:13:58'),
(119,	9,	11,	'user',	NULL,	'ma open krta n',	NULL,	'text',	NULL,	'2025-08-05 11:14:01',	'2025-08-05 11:14:02',	'2025-08-05 11:14:01',	'2025-08-05 11:14:02'),
(120,	9,	11,	'user',	NULL,	'pta n lgta',	NULL,	'text',	NULL,	'2025-08-05 11:14:05',	'2025-08-05 11:14:06',	'2025-08-05 11:14:05',	'2025-08-05 11:14:06'),
(121,	11,	9,	'user',	NULL,	'OK',	NULL,	'text',	NULL,	'2025-08-05 11:14:08',	'2025-08-05 11:14:09',	'2025-08-05 11:14:08',	'2025-08-05 11:14:09'),
(122,	4,	NULL,	'user',	3,	'Sir kuch bugs the Mati ko note down krwa diye the sabne',	NULL,	'text',	NULL,	'2025-08-05 11:19:12',	NULL,	'2025-08-05 11:19:12',	'2025-08-05 11:19:12'),
(123,	11,	1,	'user',	NULL,	'Sir wheel of name my API level set kr dia ha Ap ko apk byju kia ?? bna k',	NULL,	'text',	NULL,	'2025-08-05 11:19:13',	'2025-08-05 11:29:58',	'2025-08-05 11:19:13',	'2025-08-05 11:29:58'),
(124,	11,	12,	'user',	NULL,	'Noman Bhai Wheel of names ki keys chahiye thi',	NULL,	'text',	NULL,	'2025-08-05 11:25:25',	'2025-08-06 04:39:59',	'2025-08-05 11:25:25',	'2025-08-06 04:39:59'),
(125,	1,	NULL,	'user',	3,	'okay',	NULL,	'text',	NULL,	'2025-08-05 11:30:09',	NULL,	'2025-08-05 11:30:09',	'2025-08-05 11:30:09'),
(126,	1,	11,	'user',	NULL,	'bs update bhj do',	NULL,	'text',	NULL,	'2025-08-05 11:30:21',	'2025-08-05 13:27:02',	'2025-08-05 11:30:21',	'2025-08-05 13:27:02'),
(127,	2,	11,	'user',	NULL,	'Hello',	NULL,	'text',	NULL,	'2025-08-05 13:28:50',	'2025-08-05 13:29:17',	'2025-08-05 13:28:50',	'2025-08-05 13:29:17'),
(128,	2,	11,	'user',	NULL,	'Hello',	NULL,	'text',	NULL,	'2025-08-05 13:28:59',	'2025-08-05 13:29:17',	'2025-08-05 13:28:59',	'2025-08-05 13:29:17'),
(129,	2,	NULL,	'user',	3,	'Everyone try to checkin using attendance option from user options.',	NULL,	'text',	NULL,	'2025-08-05 13:59:48',	NULL,	'2025-08-05 13:59:48',	'2025-08-05 13:59:48'),
(130,	2,	NULL,	'user',	3,	'Tomorrow',	NULL,	'text',	NULL,	'2025-08-05 13:59:55',	NULL,	'2025-08-05 13:59:55',	'2025-08-05 13:59:55'),
(131,	1,	NULL,	'user',	1,	'Mark your attendance on this app. Go to Attendance and Checkin there.',	NULL,	'text',	NULL,	'2025-08-06 04:05:48',	NULL,	'2025-08-06 04:05:48',	'2025-08-06 04:05:48'),
(132,	8,	NULL,	'user',	1,	'Online 9:00',	NULL,	'text',	NULL,	'2025-08-06 04:08:31',	NULL,	'2025-08-06 04:08:31',	'2025-08-06 04:08:31'),
(133,	4,	NULL,	'user',	1,	'Online',	NULL,	'text',	NULL,	'2025-08-06 04:19:44',	NULL,	'2025-08-06 04:19:44',	'2025-08-06 04:19:44'),
(134,	2,	NULL,	'user',	1,	'Click on the 3 dots (at the side of your name) and select attendance option. Then allow location access to the app and use checkin button to mark your attendance',	NULL,	'text',	NULL,	'2025-08-06 04:20:04',	NULL,	'2025-08-06 04:20:04',	'2025-08-06 04:20:04'),
(135,	4,	8,	'user',	NULL,	'\'',	NULL,	'text',	NULL,	'2025-08-06 04:35:09',	'2025-08-06 04:35:24',	'2025-08-06 04:35:09',	'2025-08-06 04:35:24'),
(136,	4,	8,	'user',	NULL,	'image.png',	'chat_files/image_XjMVnUCp.png',	'text',	'png',	'2025-08-06 04:35:10',	'2025-08-06 04:35:24',	'2025-08-06 04:35:10',	'2025-08-06 04:35:24'),
(137,	4,	8,	'user',	NULL,	'is size me aik?',	NULL,	'text',	NULL,	'2025-08-06 04:35:16',	'2025-08-06 04:35:24',	'2025-08-06 04:35:16',	'2025-08-06 04:35:24'),
(138,	4,	8,	'user',	NULL,	'image.png',	'chat_files/image_p2g6UHEx.png',	'text',	'png',	'2025-08-06 04:35:39',	'2025-08-06 04:35:41',	'2025-08-06 04:35:39',	'2025-08-06 04:35:41'),
(139,	4,	8,	'user',	NULL,	'aik is size me?',	NULL,	'text',	NULL,	'2025-08-06 04:35:43',	'2025-08-06 04:35:47',	'2025-08-06 04:35:43',	'2025-08-06 04:35:47'),
(140,	4,	8,	'user',	NULL,	'or 3rd wala?',	NULL,	'text',	NULL,	'2025-08-06 04:36:11',	'2025-08-06 04:36:13',	'2025-08-06 04:36:11',	'2025-08-06 04:36:13'),
(141,	8,	4,	'user',	NULL,	'Move with purpose wali jo image h',	NULL,	'text',	NULL,	'2025-08-06 04:36:17',	'2025-08-06 04:36:19',	'2025-08-06 04:36:17',	'2025-08-06 04:36:19'),
(142,	8,	4,	'user',	NULL,	'wesi ak',	NULL,	'text',	NULL,	'2025-08-06 04:36:21',	'2025-08-06 04:36:22',	'2025-08-06 04:36:21',	'2025-08-06 04:36:22'),
(143,	8,	4,	'user',	NULL,	'francios mercer wali bhyji iski chorai thk h but mujhy lambai ma thora ziada chahia',	NULL,	'text',	NULL,	'2025-08-06 04:36:53',	'2025-08-06 04:36:54',	'2025-08-06 04:36:53',	'2025-08-06 04:36:54'),
(144,	8,	4,	'user',	NULL,	'bs yeh 2 filhal bna dy',	NULL,	'text',	NULL,	'2025-08-06 04:36:58',	'2025-08-06 04:37:00',	'2025-08-06 04:36:58',	'2025-08-06 04:37:00'),
(145,	4,	8,	'user',	NULL,	'ok',	NULL,	'text',	NULL,	'2025-08-06 04:37:06',	'2025-08-06 04:37:07',	'2025-08-06 04:37:06',	'2025-08-06 04:37:07'),
(146,	8,	4,	'user',	NULL,	'isy kehna time na lgae jaldi krdy nhi tw sir ny kehna many apko kaha tha us sy bnwao',	NULL,	'text',	NULL,	'2025-08-06 04:37:15',	'2025-08-06 04:37:17',	'2025-08-06 04:37:15',	'2025-08-06 04:37:17'),
(147,	4,	3,	'user',	NULL,	'2 Flex Bnani Glaimiz ki',	NULL,	'text',	NULL,	'2025-08-06 04:37:34',	'2025-08-06 04:38:04',	'2025-08-06 04:37:34',	'2025-08-06 04:38:04'),
(148,	4,	3,	'user',	NULL,	'Simple se bnani hai koi zyada designing wagera nahi',	NULL,	'text',	NULL,	'2025-08-06 04:37:52',	'2025-08-06 04:38:04',	'2025-08-06 04:37:52',	'2025-08-06 04:38:04'),
(149,	4,	3,	'user',	NULL,	'beshak canva se bnalo',	NULL,	'text',	NULL,	'2025-08-06 04:37:57',	'2025-08-06 04:38:04',	'2025-08-06 04:37:57',	'2025-08-06 04:38:04'),
(150,	8,	4,	'user',	NULL,	'bs logo sath galimiz likhdy neechy address aesa or background',	NULL,	'text',	NULL,	'2025-08-06 04:38:25',	'2025-08-06 04:39:47',	'2025-08-06 04:38:25',	'2025-08-06 04:39:47'),
(151,	4,	8,	'user',	NULL,	'Okay',	NULL,	'text',	NULL,	'2025-08-06 04:40:04',	'2025-08-06 04:40:04',	'2025-08-06 04:40:04',	'2025-08-06 04:40:04'),
(152,	4,	8,	'user',	NULL,	'kaha hai usko',	NULL,	'text',	NULL,	'2025-08-06 04:40:35',	'2025-08-06 04:40:37',	'2025-08-06 04:40:35',	'2025-08-06 04:40:37'),
(153,	4,	2,	'user',	NULL,	'Isme Chat Pin krne ka option add ho skta to wo bhi add krna',	NULL,	'text',	NULL,	'2025-08-06 04:41:09',	'2025-08-06 04:42:09',	'2025-08-06 04:41:09',	'2025-08-06 04:42:09'),
(154,	4,	2,	'user',	NULL,	'double tick wala bug bhi solve nhi hua abhi tak',	NULL,	'text',	NULL,	'2025-08-06 04:41:23',	'2025-08-06 04:42:09',	'2025-08-06 04:41:23',	'2025-08-06 04:42:09'),
(155,	2,	4,	'user',	NULL,	'aj websockets me convert kr rha hu puri application then solve ho jay ga',	NULL,	'text',	NULL,	'2025-08-06 04:42:28',	'2025-08-06 04:42:34',	'2025-08-06 04:42:28',	'2025-08-06 04:42:34'),
(156,	4,	2,	'user',	NULL,	'Ok, nayatel se yehi poochna tha k wifi ki ip range kia hai?',	NULL,	'text',	NULL,	'2025-08-06 04:43:11',	'2025-08-06 04:43:12',	'2025-08-06 04:43:11',	'2025-08-06 04:43:12'),
(157,	2,	4,	'user',	NULL,	'han',	NULL,	'text',	NULL,	'2025-08-06 04:43:22',	'2025-08-06 04:43:24',	'2025-08-06 04:43:22',	'2025-08-06 04:43:24'),
(158,	2,	4,	'user',	NULL,	'and agr hamari koi specific live ip ya unchangeable ip ha to bata dain',	NULL,	'text',	NULL,	'2025-08-06 04:43:46',	'2025-08-06 04:43:46',	'2025-08-06 04:43:46',	'2025-08-06 04:43:46'),
(159,	4,	2,	'user',	NULL,	'Okay',	NULL,	'text',	NULL,	'2025-08-06 04:44:05',	'2025-08-06 04:44:07',	'2025-08-06 04:44:05',	'2025-08-06 04:44:07'),
(160,	8,	4,	'user',	NULL,	'Okay',	NULL,	'text',	NULL,	'2025-08-06 04:47:40',	'2025-08-06 05:05:17',	'2025-08-06 04:47:40',	'2025-08-06 05:05:17'),
(161,	12,	1,	'user',	NULL,	'article rewriter ki kon c app ki access deni hadeed ko',	NULL,	'text',	NULL,	'2025-08-06 04:49:38',	'2025-08-06 06:21:40',	'2025-08-06 04:49:38',	'2025-08-06 06:21:40'),
(162,	12,	NULL,	'user',	4,	'umar and hadeed added to Noise removal app',	NULL,	'text',	NULL,	'2025-08-06 04:53:49',	NULL,	'2025-08-06 04:53:49',	'2025-08-06 04:53:49'),
(163,	11,	NULL,	'user',	4,	'OK',	NULL,	'text',	NULL,	'2025-08-06 04:55:14',	NULL,	'2025-08-06 04:55:14',	'2025-08-06 04:55:14'),
(164,	8,	4,	'user',	NULL,	'Bn gya',	NULL,	'text',	NULL,	'2025-08-06 04:59:21',	'2025-08-06 05:05:17',	'2025-08-06 04:59:21',	'2025-08-06 05:05:17'),
(165,	8,	4,	'user',	NULL,	'?',	NULL,	'text',	NULL,	'2025-08-06 04:59:24',	'2025-08-06 05:05:17',	'2025-08-06 04:59:24',	'2025-08-06 05:05:17'),
(166,	3,	4,	'user',	NULL,	'Bn gye ha',	NULL,	'text',	NULL,	'2025-08-06 05:01:19',	'2025-08-06 05:05:31',	'2025-08-06 05:01:19',	'2025-08-06 05:05:31'),
(167,	8,	4,	'user',	NULL,	'?',	NULL,	'text',	NULL,	'2025-08-06 05:01:20',	'2025-08-06 05:05:17',	'2025-08-06 05:01:20',	'2025-08-06 05:05:17'),
(168,	8,	4,	'user',	NULL,	'?/',	NULL,	'text',	NULL,	'2025-08-06 05:01:20',	'2025-08-06 05:05:17',	'2025-08-06 05:01:20',	'2025-08-06 05:05:17'),
(169,	8,	4,	'user',	NULL,	'/',	NULL,	'text',	NULL,	'2025-08-06 05:01:20',	'2025-08-06 05:05:17',	'2025-08-06 05:01:20',	'2025-08-06 05:05:17'),
(170,	8,	4,	'user',	NULL,	'/',	NULL,	'text',	NULL,	'2025-08-06 05:01:20',	'2025-08-06 05:05:17',	'2025-08-06 05:01:20',	'2025-08-06 05:05:17'),
(171,	8,	4,	'user',	NULL,	'/',	NULL,	'text',	NULL,	'2025-08-06 05:01:21',	'2025-08-06 05:05:17',	'2025-08-06 05:01:21',	'2025-08-06 05:05:17'),
(172,	2,	8,	'user',	NULL,	'Hello',	NULL,	'text',	NULL,	'2025-08-06 05:01:55',	'2025-08-06 05:02:39',	'2025-08-06 05:01:55',	'2025-08-06 05:02:39'),
(173,	2,	8,	'user',	NULL,	'notification test',	NULL,	'text',	NULL,	'2025-08-06 05:02:49',	'2025-08-06 05:02:49',	'2025-08-06 05:02:49',	'2025-08-06 05:02:49'),
(174,	8,	11,	'user',	NULL,	'Hello',	NULL,	'text',	NULL,	'2025-08-06 05:03:19',	'2025-08-06 05:04:02',	'2025-08-06 05:03:19',	'2025-08-06 05:04:02'),
(175,	8,	11,	'user',	NULL,	'Hello',	NULL,	'text',	NULL,	'2025-08-06 05:03:41',	'2025-08-06 05:04:02',	'2025-08-06 05:03:41',	'2025-08-06 05:04:02'),
(176,	2,	11,	'user',	NULL,	'notification',	NULL,	'text',	NULL,	'2025-08-06 05:04:22',	'2025-08-06 05:19:57',	'2025-08-06 05:04:22',	'2025-08-06 05:19:57'),
(177,	8,	11,	'user',	NULL,	'hello',	NULL,	'text',	NULL,	'2025-08-06 05:04:55',	'2025-08-06 05:04:56',	'2025-08-06 05:04:55',	'2025-08-06 05:04:56'),
(178,	4,	8,	'user',	NULL,	'figma me rkhe hain usne dekhlo',	NULL,	'text',	NULL,	'2025-08-06 05:06:27',	'2025-08-06 05:07:35',	'2025-08-06 05:06:27',	'2025-08-06 05:07:35'),
(179,	4,	8,	'user',	NULL,	'usko btado kese bnane hain',	NULL,	'text',	NULL,	'2025-08-06 05:06:33',	'2025-08-06 05:07:35',	'2025-08-06 05:06:33',	'2025-08-06 05:07:35'),
(180,	4,	6,	'user',	NULL,	'yr wo screen ni le k aye jo theek krne de thi',	NULL,	'text',	NULL,	'2025-08-06 05:26:27',	'2025-08-06 05:26:39',	'2025-08-06 05:26:27',	'2025-08-06 05:26:39'),
(181,	6,	4,	'user',	NULL,	'jana h aj usko message krke puchta hu k dukan pr hi h',	NULL,	'text',	NULL,	'2025-08-06 05:27:06',	'2025-08-06 05:27:07',	'2025-08-06 05:27:06',	'2025-08-06 05:27:07'),
(182,	4,	3,	'user',	NULL,	'tissue dena aik',	NULL,	'text',	NULL,	'2025-08-06 06:16:17',	'2025-08-06 06:16:50',	'2025-08-06 06:16:17',	'2025-08-06 06:16:50'),
(183,	2,	11,	'user',	NULL,	'Hello',	NULL,	'text',	NULL,	'2025-08-06 06:21:15',	'2025-08-06 06:28:04',	'2025-08-06 06:21:15',	'2025-08-06 06:28:04'),
(184,	11,	2,	'user',	NULL,	'Yes brother',	NULL,	'text',	NULL,	'2025-08-06 06:28:10',	'2025-08-06 06:28:50',	'2025-08-06 06:28:10',	'2025-08-06 06:28:50'),
(185,	2,	11,	'user',	NULL,	'muja to message aaya',	NULL,	'text',	NULL,	'2025-08-06 06:29:04',	'2025-08-06 06:29:20',	'2025-08-06 06:29:04',	'2025-08-06 06:29:20'),
(186,	11,	2,	'user',	NULL,	'Kia',	NULL,	'text',	NULL,	'2025-08-06 06:29:22',	'2025-08-06 06:29:24',	'2025-08-06 06:29:22',	'2025-08-06 06:29:24'),
(187,	2,	11,	'user',	NULL,	'apka',	NULL,	'text',	NULL,	'2025-08-06 06:29:32',	'2025-08-06 06:29:32',	'2025-08-06 06:29:32',	'2025-08-06 06:29:32'),
(188,	11,	2,	'user',	NULL,	'Acha',	NULL,	'text',	NULL,	'2025-08-06 06:30:37',	'2025-08-06 06:30:38',	'2025-08-06 06:30:37',	'2025-08-06 06:30:38'),
(189,	2,	1,	'user',	NULL,	'Attendance table page is optimized for mobile display',	NULL,	'text',	NULL,	'2025-08-06 06:46:23',	'2025-08-06 10:25:05',	'2025-08-06 06:46:23',	'2025-08-06 10:25:05'),
(190,	6,	4,	'user',	NULL,	'article de dena aj lazmi broo',	NULL,	'text',	NULL,	'2025-08-06 07:49:10',	'2025-08-07 04:44:08',	'2025-08-06 07:49:10',	'2025-08-07 04:44:08'),
(191,	5,	4,	'user',	NULL,	'http://kua.ai/',	NULL,	'text',	NULL,	'2025-08-06 11:33:31',	'2025-08-07 04:44:12',	'2025-08-06 11:33:31',	'2025-08-07 04:44:12'),
(192,	11,	6,	'user',	NULL,	'dPdZ6Z2z',	NULL,	'text',	NULL,	'2025-08-07 04:27:46',	'2025-08-07 04:27:55',	'2025-08-07 04:27:46',	'2025-08-07 04:27:55'),
(193,	6,	8,	'user',	NULL,	'image.png',	'chat_files/image_EuwGXHzs.png',	'text',	'png',	'2025-08-07 04:44:38',	'2025-08-07 05:37:54',	'2025-08-07 04:44:38',	'2025-08-07 05:37:54'),
(194,	6,	2,	'user',	NULL,	'SS open nhi hota isme  mene send kia h aik',	NULL,	'text',	NULL,	'2025-08-07 04:45:45',	'2025-08-07 05:31:41',	'2025-08-07 04:45:45',	'2025-08-07 05:31:41'),
(195,	6,	2,	'user',	NULL,	'image.png',	'chat_files/image_o70Os6K2.png',	'text',	'png',	'2025-08-07 04:45:55',	'2025-08-07 05:31:41',	'2025-08-07 04:45:55',	'2025-08-07 05:31:41'),
(196,	2,	6,	'user',	NULL,	'chat_bg.jpg',	'chat_files/chat_bg_BlKGQY3t.jpg',	'text',	'jpg',	'2025-08-07 05:48:59',	'2025-08-07 06:20:56',	'2025-08-07 05:48:59',	'2025-08-07 06:20:56'),
(197,	11,	2,	'user',	NULL,	'Hi',	NULL,	'text',	NULL,	'2025-08-07 05:59:24',	'2025-08-07 06:00:10',	'2025-08-07 05:59:24',	'2025-08-07 06:00:10'),
(198,	2,	11,	'user',	NULL,	'Yes',	NULL,	'text',	NULL,	'2025-08-07 06:00:12',	'2025-08-07 06:00:34',	'2025-08-07 06:00:12',	'2025-08-07 06:00:34'),
(199,	2,	11,	'user',	NULL,	'Hello',	NULL,	'text',	NULL,	'2025-08-07 06:00:42',	'2025-08-07 06:00:42',	'2025-08-07 06:00:42',	'2025-08-07 06:00:42'),
(200,	2,	11,	'user',	NULL,	'Hello',	NULL,	'text',	NULL,	'2025-08-07 06:01:02',	'2025-08-07 06:02:29',	'2025-08-07 06:01:02',	'2025-08-07 06:02:29'),
(201,	2,	11,	'user',	NULL,	'Hello',	NULL,	'text',	NULL,	'2025-08-07 06:02:19',	'2025-08-07 06:02:29',	'2025-08-07 06:02:19',	'2025-08-07 06:02:29'),
(202,	2,	11,	'user',	NULL,	'Hi',	NULL,	'text',	NULL,	'2025-08-07 06:02:35',	'2025-08-07 06:02:35',	'2025-08-07 06:02:35',	'2025-08-07 06:02:35'),
(203,	2,	11,	'user',	NULL,	'Hi',	NULL,	'text',	NULL,	'2025-08-07 06:02:59',	'2025-08-07 06:03:01',	'2025-08-07 06:02:59',	'2025-08-07 06:03:01'),
(204,	2,	11,	'user',	NULL,	'Hello',	NULL,	'text',	NULL,	'2025-08-07 06:03:07',	'2025-08-07 06:03:07',	'2025-08-07 06:03:07',	'2025-08-07 06:03:07'),
(205,	2,	11,	'user',	NULL,	'Notification',	NULL,	'text',	NULL,	'2025-08-07 06:03:15',	'2025-08-07 06:03:17',	'2025-08-07 06:03:15',	'2025-08-07 06:03:17'),
(206,	2,	11,	'user',	NULL,	'chat_bg.jpg',	'chat_files/chat_bg_Ex0VTMf0.jpg',	'text',	'jpg',	'2025-08-07 06:11:45',	'2025-08-07 06:12:13',	'2025-08-07 06:11:45',	'2025-08-07 06:12:13'),
(207,	2,	6,	'user',	NULL,	'open means k kya preview ni show hora?',	NULL,	'text',	NULL,	'2025-08-07 06:14:43',	'2025-08-07 06:20:56',	'2025-08-07 06:14:43',	'2025-08-07 06:20:56'),
(208,	6,	2,	'user',	NULL,	'image.png',	'chat_files/image_LAgQsDKx.png',	'text',	'png',	'2025-08-07 06:21:07',	'2025-08-07 06:21:07',	'2025-08-07 06:21:07',	'2025-08-07 06:21:07'),
(209,	3,	4,	'user',	NULL,	'image.png',	'chat_files/image_gosFUOxG.png',	'text',	'png',	'2025-08-07 06:53:53',	'2025-08-07 06:54:00',	'2025-08-07 06:53:53',	'2025-08-07 06:54:00'),
(210,	3,	4,	'user',	NULL,	'image.png',	'chat_files/image_dYTDHXba.png',	'text',	'png',	'2025-08-07 06:53:53',	'2025-08-07 06:54:00',	'2025-08-07 06:53:53',	'2025-08-07 06:54:00'),
(211,	2,	NULL,	'user',	5,	'converted_file_example_MP4_640_3MG.flv',	'chat_files/converted_file_example_MP4_640_3MG_9ty2g0Dj.flv',	'text',	'flv',	'2025-08-07 07:04:40',	NULL,	'2025-08-07 07:04:40',	'2025-08-07 07:04:40'),
(212,	14,	1,	'user',	NULL,	'Hi',	NULL,	'text',	NULL,	'2025-08-07 07:13:41',	'2025-08-07 07:52:53',	'2025-08-07 07:13:41',	'2025-08-07 07:52:53'),
(213,	2,	9,	'user',	NULL,	'When click on a chat, input field autofocus enabled...',	NULL,	'text',	NULL,	'2025-08-07 07:19:10',	'2025-08-07 07:39:52',	'2025-08-07 07:19:10',	'2025-08-07 07:39:52'),
(214,	4,	14,	'user',	NULL,	'packing_slip_1019_20250807T070321Z.pdf',	'chat_files/packing_slip_1019_20250807T070321Z_7vuh0tS5.pdf',	'text',	'pdf',	'2025-08-07 07:19:49',	'2025-08-07 07:20:24',	'2025-08-07 07:19:49',	'2025-08-07 07:20:24'),
(215,	4,	14,	'user',	NULL,	'packing_slip_1020_20250807T071702Z.pdf',	'chat_files/packing_slip_1020_20250807T071702Z_XCHTokSF.pdf',	'text',	'pdf',	'2025-08-07 07:20:07',	'2025-08-07 07:20:24',	'2025-08-07 07:20:07',	'2025-08-07 07:20:24'),
(216,	2,	NULL,	'user',	5,	'file_example_MP4_640_3MG.mp4',	'chat_files/file_example_MP4_640_3MG_SvW41h7Y.mp4',	'text',	'mp4',	'2025-08-07 07:20:25',	NULL,	'2025-08-07 07:20:25',	'2025-08-07 07:20:25'),
(217,	11,	2,	'user',	NULL,	'.',	NULL,	'text',	NULL,	'2025-08-07 07:45:28',	'2025-08-07 07:46:20',	'2025-08-07 07:45:28',	'2025-08-07 07:46:20'),
(218,	2,	11,	'user',	NULL,	'Hello',	NULL,	'text',	NULL,	'2025-08-07 07:46:30',	'2025-08-07 07:48:43',	'2025-08-07 07:46:30',	'2025-08-07 07:48:43'),
(219,	2,	11,	'user',	NULL,	'Hello',	NULL,	'text',	NULL,	'2025-08-07 07:50:19',	'2025-08-07 07:55:24',	'2025-08-07 07:50:19',	'2025-08-07 07:55:24'),
(220,	2,	11,	'user',	NULL,	'Hey',	NULL,	'text',	NULL,	'2025-08-07 07:50:33',	'2025-08-07 07:55:24',	'2025-08-07 07:50:33',	'2025-08-07 07:55:24'),
(221,	2,	1,	'user',	NULL,	'Notification',	NULL,	'text',	NULL,	'2025-08-07 07:54:42',	'2025-08-07 07:55:15',	'2025-08-07 07:54:42',	'2025-08-07 07:55:15'),
(222,	2,	1,	'user',	NULL,	'Hello',	NULL,	'text',	NULL,	'2025-08-07 07:55:04',	'2025-08-07 07:55:15',	'2025-08-07 07:55:04',	'2025-08-07 07:55:15'),
(223,	2,	11,	'user',	NULL,	'Hello',	NULL,	'text',	NULL,	'2025-08-07 07:57:23',	'2025-08-07 07:58:13',	'2025-08-07 07:57:23',	'2025-08-07 07:58:13'),
(224,	2,	11,	'user',	NULL,	'Message send krna ik',	NULL,	'text',	NULL,	'2025-08-07 07:57:31',	'2025-08-07 07:58:13',	'2025-08-07 07:57:31',	'2025-08-07 07:58:13'),
(225,	11,	2,	'user',	NULL,	'.',	NULL,	'text',	NULL,	'2025-08-07 07:58:23',	'2025-08-07 08:22:48',	'2025-08-07 07:58:23',	'2025-08-07 08:22:48'),
(226,	11,	2,	'user',	NULL,	'.',	NULL,	'text',	NULL,	'2025-08-07 07:58:29',	'2025-08-07 08:22:48',	'2025-08-07 07:58:29',	'2025-08-07 08:22:48'),
(227,	6,	4,	'user',	NULL,	'Link sirf vocal remover anchor pr lgana ya audioenhancer pr bhi lgana ?',	NULL,	'text',	NULL,	'2025-08-07 09:30:06',	'2025-08-07 12:25:55',	'2025-08-07 09:30:06',	'2025-08-07 12:25:55'),
(228,	2,	11,	'user',	NULL,	'Oo bhaya',	NULL,	'text',	NULL,	'2025-08-07 10:06:27',	'2025-08-07 10:30:59',	'2025-08-07 10:06:27',	'2025-08-07 10:30:59'),
(229,	2,	11,	'user',	NULL,	'App use kro na or bugs nikalo apun sai kry ',	NULL,	'text',	NULL,	'2025-08-07 10:06:46',	'2025-08-07 10:30:59',	'2025-08-07 10:06:46',	'2025-08-07 10:30:59'),
(230,	11,	1,	'user',	NULL,	'Sir Noise Removal ki api set kr d ha',	NULL,	'text',	NULL,	'2025-08-07 10:27:26',	'2025-08-08 04:35:43',	'2025-08-07 10:27:26',	'2025-08-08 04:35:43'),
(231,	4,	6,	'user',	NULL,	'audioenhancer.ai pe homepage ka',	NULL,	'text',	NULL,	'2025-08-07 12:26:12',	'2025-08-07 12:48:17',	'2025-08-07 12:26:12',	'2025-08-07 12:48:17'),
(232,	4,	6,	'user',	NULL,	'vocal remover pe vocal remover ka',	NULL,	'text',	NULL,	'2025-08-07 12:26:21',	'2025-08-07 12:48:17',	'2025-08-07 12:26:21',	'2025-08-07 12:48:17'),
(233,	2,	9,	'user',	NULL,	'https://08f483567225.ngrok-free.app/',	NULL,	'text',	NULL,	'2025-08-08 05:45:47',	'2025-08-08 08:09:53',	'2025-08-08 05:45:47',	'2025-08-08 08:09:53'),
(234,	1,	3,	'user',	NULL,	'design kya kar rhy?',	NULL,	'text',	NULL,	'2025-08-08 07:30:30',	'2025-08-09 04:43:56',	'2025-08-08 07:30:30',	'2025-08-09 04:43:56'),
(235,	2,	9,	'user',	NULL,	'https://77f788631610.ngrok-free.app/',	NULL,	'text',	NULL,	'2025-08-08 08:09:02',	'2025-08-08 08:09:53',	'2025-08-08 08:09:02',	'2025-08-08 08:09:53'),
(236,	2,	NULL,	'user',	5,	'Screenshot_From_2025-08-02_12-56-01-removebg-preview.png',	'chat_files/Screenshot_From_2025-08-02_12-56-01-removebg-preview_y0raPr71.png',	'text',	'png',	'2025-08-08 15:14:15',	NULL,	'2025-08-08 15:14:15',	'2025-08-08 15:14:15'),
(237,	10,	1,	'user',	NULL,	'Asalamualikum sir due to some family problem I can\'t come to office today I have to go back to my hometown I will make sure to complete my tasks on time I will be thankful to u for considering my request',	NULL,	'text',	NULL,	'2025-08-09 04:16:04',	'2025-08-09 06:43:58',	'2025-08-09 04:16:04',	'2025-08-09 06:43:58'),
(238,	8,	11,	'user',	NULL,	'Hello',	NULL,	'text',	NULL,	'2025-08-09 07:30:46',	NULL,	'2025-08-09 07:30:46',	'2025-08-09 07:30:46'),
(239,	3,	1,	'user',	NULL,	'image.png',	'chat_files/image_pVCdYDhu.png',	'text',	'png',	'2025-08-09 07:47:15',	'2025-08-09 07:47:47',	'2025-08-09 07:47:15',	'2025-08-09 07:47:47'),
(240,	1,	3,	'user',	NULL,	'Thk hay',	NULL,	'text',	NULL,	'2025-08-09 07:48:17',	'2025-08-09 07:48:19',	'2025-08-09 07:48:17',	'2025-08-09 07:48:19'),
(241,	2,	9,	'user',	NULL,	'School_Management_System_Role_Based_Modules.pdf',	'chat_files/School_Management_System_Role_Based_Modules_HX102TYN.pdf',	'text',	'pdf',	'2025-08-09 09:06:47',	'2025-08-09 10:01:44',	'2025-08-09 09:06:47',	'2025-08-09 10:01:44'),
(242,	3,	1,	'user',	NULL,	'image.png',	'chat_files/image_E5tML4kj.png',	'text',	'png',	'2025-08-09 09:17:59',	NULL,	'2025-08-09 09:17:59',	'2025-08-09 09:17:59'),
(243,	3,	1,	'user',	NULL,	'image.png',	'chat_files/image_sSvj4awe.png',	'text',	'png',	'2025-08-09 09:18:07',	NULL,	'2025-08-09 09:18:07',	'2025-08-09 09:18:07'),
(244,	3,	1,	'user',	NULL,	'sir is k ilawa konsi product ke bnani ha sb products ke?',	NULL,	'text',	NULL,	'2025-08-09 09:18:18',	NULL,	'2025-08-09 09:18:18',	'2025-08-09 09:18:18'),
(245,	3,	1,	'user',	NULL,	'image.png',	'chat_files/image_EHSLrwtd.png',	'text',	'png',	'2025-08-09 09:18:19',	NULL,	'2025-08-09 09:18:19',	'2025-08-09 09:18:19');

DROP TABLE IF EXISTS `migrations`;
CREATE TABLE `migrations` (
  `id` int(10) unsigned NOT NULL AUTO_INCREMENT,
  `migration` varchar(255) NOT NULL,
  `batch` int(11) NOT NULL,
  PRIMARY KEY (`id`)
) ENGINE=InnoDB AUTO_INCREMENT=16 DEFAULT CHARSET=utf8mb4 COLLATE=utf8mb4_unicode_ci;

INSERT INTO `migrations` (`id`, `migration`, `batch`) VALUES
(8,	'0001_01_01_000001_create_cache_table',	1),
(9,	'0001_01_01_000002_create_jobs_table',	1),
(10,	'2019_12_14_000001_create_personal_access_tokens_table',	1),
(11,	'2025_07_21_121452_create_sessions_table',	1),
(12,	'2025_07_29_045248_createchattable',	1),
(13,	'2025_07_31_123006_create_attendance_table',	1),
(14,	'2025_08_04_142615_create_tasks_table',	1),
(15,	'2025_08_07_095035_add_push_subscription_to_users_table',	2);

DROP TABLE IF EXISTS `personal_access_tokens`;
CREATE TABLE `personal_access_tokens` (
  `id` bigint(20) unsigned NOT NULL AUTO_INCREMENT,
  `tokenable_type` varchar(255) NOT NULL,
  `tokenable_id` bigint(20) unsigned NOT NULL,
  `name` varchar(255) NOT NULL,
  `token` varchar(64) NOT NULL,
  `abilities` text DEFAULT NULL,
  `last_used_at` timestamp NULL DEFAULT NULL,
  `expires_at` timestamp NULL DEFAULT NULL,
  `created_at` timestamp NULL DEFAULT NULL,
  `updated_at` timestamp NULL DEFAULT NULL,
  PRIMARY KEY (`id`),
  UNIQUE KEY `personal_access_tokens_token_unique` (`token`),
  KEY `personal_access_tokens_tokenable_type_tokenable_id_index` (`tokenable_type`,`tokenable_id`)
) ENGINE=InnoDB DEFAULT CHARSET=utf8mb4 COLLATE=utf8mb4_unicode_ci;


DROP TABLE IF EXISTS `sessions`;
CREATE TABLE `sessions` (
  `id` varchar(255) NOT NULL,
  `user_id` bigint(20) unsigned DEFAULT NULL,
  `ip_address` varchar(45) DEFAULT NULL,
  `user_agent` text DEFAULT NULL,
  `payload` longtext NOT NULL,
  `last_activity` int(11) NOT NULL,
  PRIMARY KEY (`id`),
  KEY `sessions_user_id_index` (`user_id`),
  KEY `sessions_last_activity_index` (`last_activity`)
) ENGINE=InnoDB DEFAULT CHARSET=utf8mb4 COLLATE=utf8mb4_unicode_ci;

INSERT INTO `sessions` (`id`, `user_id`, `ip_address`, `user_agent`, `payload`, `last_activity`) VALUES
('4uvsBvefHu8zNdgthzaPVh4zO21VvpNpAdrIdL5T',	4,	'58.65.223.213',	'Mozilla/5.0 (Windows NT 10.0; Win64; x64) AppleWebKit/537.36 (KHTML, like Gecko) Chrome/138.0.0.0 Safari/537.36',	'YTo2OntzOjY6Il90b2tlbiI7czo0MDoiTE8xdjVOblIxcmw1Z3MzM3hNRDF4THpSbkZGTDhLbWloVEhkWGU1ZyI7czo5OiJfcHJldmlvdXMiO2E6MTp7czozOiJ1cmwiO3M6MzU6Imh0dHBzOi8vY2hhdC5hc2tzZW8ubWUvc2lkZWJhci9kYXRhIjt9czo2OiJfZmxhc2giO2E6Mjp7czozOiJvbGQiO2E6MDp7fXM6MzoibmV3IjthOjA6e319czo1MDoibG9naW5fd2ViXzU5YmEzNmFkZGMyYjJmOTQwMTU4MGYwMTRjN2Y1OGVhNGUzMDk4OWQiO2k6NDtzOjEwOiJ1c2VyX2VtYWlsIjtzOjIzOiJham1hbC51c21hbjU0QGdtYWlsLmNvbSI7czo5OiJ1c2VyX3R5cGUiO3M6MTI6ImdlbmVyYWxfdXNlciI7fQ==',	1754735474),
('9Uzbn5uqKKMYu9CYWDGblNUmCqmjjwboFNXMURFi',	2,	'101.50.69.128',	'Mozilla/5.0 (X11; Linux x86_64) AppleWebKit/537.36 (KHTML, like Gecko) Chrome/139.0.0.0 Safari/537.36',	'YTo3OntzOjY6Il90b2tlbiI7czo0MDoieUhBeVRlenRMMFZObHcwbXpEYURhcVcyRTV5ZVpWdU1CY0NiUWZLWCI7czo5OiJfcHJldmlvdXMiO2E6MTp7czozOiJ1cmwiO3M6MzU6Imh0dHBzOi8vY2hhdC5hc2tzZW8ubWUvc2lkZWJhci9kYXRhIjt9czo2OiJfZmxhc2giO2E6Mjp7czozOiJvbGQiO2E6MDp7fXM6MzoibmV3IjthOjA6e319czo1MDoibG9naW5fd2ViXzU5YmEzNmFkZGMyYjJmOTQwMTU4MGYwMTRjN2Y1OGVhNGUzMDk4OWQiO2k6MjtzOjEwOiJ1c2VyX2VtYWlsIjtzOjIwOiJkZXZlbG9wZXJAYXNrc2VvLmNvbSI7czo5OiJ1c2VyX3R5cGUiO3M6MTE6InN1cGVyX2FkbWluIjtzOjE3OiJzdXBlcl9hZG1pbl9sb2dlZCI7YjoxO30=',	1754735462),
('d1tkAYx6mouTExG2ld7MpgNCWRydMwZdIhy0HBPy',	6,	'101.50.69.128',	'Mozilla/5.0 (Windows NT 10.0; Win64; x64) AppleWebKit/537.36 (KHTML, like Gecko) Chrome/138.0.0.0 Safari/537.36',	'YTo2OntzOjY6Il90b2tlbiI7czo0MDoiUjNIamxuVjdrRHloOVFMcWo1UUk0RkFvVUhNSFhOUGVNUTBJZENpUyI7czo5OiJfcHJldmlvdXMiO2E6MTp7czozOiJ1cmwiO3M6MzU6Imh0dHBzOi8vY2hhdC5hc2tzZW8ubWUvc2lkZWJhci9kYXRhIjt9czo2OiJfZmxhc2giO2E6Mjp7czozOiJvbGQiO2E6MDp7fXM6MzoibmV3IjthOjA6e319czo1MDoibG9naW5fd2ViXzU5YmEzNmFkZGMyYjJmOTQwMTU4MGYwMTRjN2Y1OGVhNGUzMDk4OWQiO2k6NjtzOjEwOiJ1c2VyX2VtYWlsIjtzOjI1OiJhbGlhaG1hZDYwMDY3NzdAZ21haWwuY29tIjtzOjk6InVzZXJfdHlwZSI7czoxMjoiZ2VuZXJhbF91c2VyIjt9',	1754735481),
('DRqTvY6kbWfzUNcBzURcN0X54fyaMFci2lA20QYw',	1,	'101.50.69.128',	'Mozilla/5.0 (Macintosh; Intel Mac OS X 10_15_7) AppleWebKit/537.36 (KHTML, like Gecko) Chrome/138.0.0.0 Safari/537.36',	'YTo3OntzOjY6Il90b2tlbiI7czo0MDoieXE3UVlhaDBIOWZvN3JVT25CQTZlR1pDNkV2RG9qTGl3WU9SRzZYeiI7czo2OiJfZmxhc2giO2E6Mjp7czozOiJuZXciO2E6MDp7fXM6Mzoib2xkIjthOjA6e319czo5OiJfcHJldmlvdXMiO2E6MTp7czozOiJ1cmwiO3M6MzU6Imh0dHBzOi8vY2hhdC5hc2tzZW8ubWUvc2lkZWJhci9kYXRhIjt9czo1MDoibG9naW5fd2ViXzU5YmEzNmFkZGMyYjJmOTQwMTU4MGYwMTRjN2Y1OGVhNGUzMDk4OWQiO2k6MTtzOjEwOiJ1c2VyX2VtYWlsIjtzOjE0OiJjZW9AYXNrc2VvLmNvbSI7czo5OiJ1c2VyX3R5cGUiO3M6MTE6InN1cGVyX2FkbWluIjtzOjE3OiJzdXBlcl9hZG1pbl9sb2dlZCI7YjoxO30=',	1754735427),
('e2no9q5h1qXQLFaiBXnix0OMavlUtJB3J7B7kR63',	NULL,	'66.249.83.38',	'Mozilla/5.0 (Linux; Android 10; K) AppleWebKit/537.36 (KHTML, like Gecko) Chrome/138.0.0.0 Mobile Safari/537.36 (compatible; Google-Read-Aloud; +https://support.google.com/webmasters/answer/1061943)',	'YTozOntzOjY6Il90b2tlbiI7czo0MDoiMnljMldnM2g0MTBoZ1k0MXhMTmJwY21uZTZjMnBqa2k0b2YxSHJVNiI7czo5OiJfcHJldmlvdXMiO2E6MTp7czozOiJ1cmwiO3M6Mjg6Imh0dHBzOi8vY2hhdC5hc2tzZW8ubWUvbG9naW4iO31zOjY6Il9mbGFzaCI7YToyOntzOjM6Im9sZCI7YTowOnt9czozOiJuZXciO2E6MDp7fX19',	1754724840),
('oDvhKQZTO64clM6mdxPPTHh2qzSfyvwq9n6PaNEc',	8,	'101.50.69.128',	'Mozilla/5.0 (Macintosh; Intel Mac OS X 10_15_7) AppleWebKit/537.36 (KHTML, like Gecko) Chrome/138.0.0.0 Safari/537.36',	'YTo2OntzOjY6Il90b2tlbiI7czo0MDoidkx1NklJM0U4ZlNnOUs0cnVOV0l6dUVZeEZ6M0pad1hDZFNKbmNPaiI7czo5OiJfcHJldmlvdXMiO2E6MTp7czozOiJ1cmwiO3M6MzU6Imh0dHBzOi8vY2hhdC5hc2tzZW8ubWUvc2lkZWJhci9kYXRhIjt9czo2OiJfZmxhc2giO2E6Mjp7czozOiJvbGQiO2E6MDp7fXM6MzoibmV3IjthOjA6e319czo1MDoibG9naW5fd2ViXzU5YmEzNmFkZGMyYjJmOTQwMTU4MGYwMTRjN2Y1OGVhNGUzMDk4OWQiO2k6ODtzOjEwOiJ1c2VyX2VtYWlsIjtzOjIyOiJtaWFudGFsaGEzODFAZ21haWwuY29tIjtzOjk6InVzZXJfdHlwZSI7czoxMjoiZ2VuZXJhbF91c2VyIjt9',	1754725002),
('oIMIAMF6NAwTnwI9kSkocAMyBsDkB24Ew1hpknf9',	5,	'101.50.69.128',	'Mozilla/5.0 (Windows NT 10.0; Win64; x64) AppleWebKit/537.36 (KHTML, like Gecko) Chrome/138.0.0.0 Safari/537.36',	'YTo2OntzOjY6Il90b2tlbiI7czo0MDoiR3VXSlN0RlZ4SENFbTAxZWZ4SGduYmQwS0Z1N2R0Vm9mZWNVOWVkeiI7czo5OiJfcHJldmlvdXMiO2E6MTp7czozOiJ1cmwiO3M6MzU6Imh0dHBzOi8vY2hhdC5hc2tzZW8ubWUvc2lkZWJhci9kYXRhIjt9czo2OiJfZmxhc2giO2E6Mjp7czozOiJvbGQiO2E6MDp7fXM6MzoibmV3IjthOjA6e319czo1MDoibG9naW5fd2ViXzU5YmEzNmFkZGMyYjJmOTQwMTU4MGYwMTRjN2Y1OGVhNGUzMDk4OWQiO2k6NTtzOjEwOiJ1c2VyX2VtYWlsIjtzOjI2OiJzYW1lZXJyYWpwb290ODQ1QGdtYWlsLmNvbSI7czo5OiJ1c2VyX3R5cGUiO3M6MTI6ImdlbmVyYWxfdXNlciI7fQ==',	1754735442),
('QNYRJ8ibk1HiH9kmKiQnbICrUURPp0domMz9r0zu',	3,	'101.50.69.128',	'Mozilla/5.0 (Windows NT 10.0; Win64; x64) AppleWebKit/537.36 (KHTML, like Gecko) Chrome/138.0.0.0 Safari/537.36',	'YTo2OntzOjY6Il90b2tlbiI7czo0MDoiRmx5bFp3aEQ3cnhxVENIYm9EaWZwRktuaTg0M2VkZEF0Zkw1TTJiVSI7czo5OiJfcHJldmlvdXMiO2E6MTp7czozOiJ1cmwiO3M6MzU6Imh0dHBzOi8vY2hhdC5hc2tzZW8ubWUvc2lkZWJhci9kYXRhIjt9czo2OiJfZmxhc2giO2E6Mjp7czozOiJvbGQiO2E6MDp7fXM6MzoibmV3IjthOjA6e319czo1MDoibG9naW5fd2ViXzU5YmEzNmFkZGMyYjJmOTQwMTU4MGYwMTRjN2Y1OGVhNGUzMDk4OWQiO2k6MztzOjEwOiJ1c2VyX2VtYWlsIjtzOjIzOiJudW1hbmFrcmFtNTUxQGdtYWlsLmNvbSI7czo5OiJ1c2VyX3R5cGUiO3M6MTI6ImdlbmVyYWxfdXNlciI7fQ==',	1754732782),
('sh7DLzOmye7U0Crpbxa4BCAZV8Bgpfn2MVuxEDzU',	NULL,	'101.50.69.128',	'Mozilla/5.0 (Linux; Android 10; K) AppleWebKit/537.36 (KHTML, like Gecko) Chrome/138.0.0.0 Mobile Safari/537.36',	'YTozOntzOjY6Il9mbGFzaCI7YToyOntzOjM6Im5ldyI7YTowOnt9czozOiJvbGQiO2E6MDp7fX1zOjk6Il9wcmV2aW91cyI7YToxOntzOjM6InVybCI7czoyMjoiaHR0cHM6Ly9jaGF0LmFza3Nlby5tZSI7fXM6NjoiX3Rva2VuIjtzOjQwOiJMYjBrcmdHSUhHbmxqc1BBMmJhaFlWOE43ZHlEeFM2amVUQUpFVXVYIjt9',	1754724885),
('tiI7lyPYvBqiLIEyl4VlQ5Awhxes805Ks5sjk3Xa',	NULL,	'66.249.83.40',	'Mozilla/5.0 (Linux; Android 10; K) AppleWebKit/537.36 (KHTML, like Gecko) Chrome/138.0.0.0 Mobile Safari/537.36 (compatible; Google-Read-Aloud; +https://support.google.com/webmasters/answer/1061943)',	'YTozOntzOjY6Il90b2tlbiI7czo0MDoib0JZMzRjU1F1dWNXa0pzMUVsQnNhdWI0M1I5TEczeFozSnIwUkFqVSI7czo5OiJfcHJldmlvdXMiO2E6MTp7czozOiJ1cmwiO3M6Mjg6Imh0dHBzOi8vY2hhdC5hc2tzZW8ubWUvbG9naW4iO31zOjY6Il9mbGFzaCI7YToyOntzOjM6Im9sZCI7YTowOnt9czozOiJuZXciO2E6MDp7fX19',	1754724840),
('UkHe3aGIMkNuUms6LwOBGqpFor71mHU6PvqZe8lZ',	NULL,	'101.50.69.128',	'Mozilla/5.0 (Macintosh; Intel Mac OS X 10_15_7) AppleWebKit/605.1.15 (KHTML, like Gecko) CriOS/139 Version/11.1.1 Safari/605.1.15',	'YTozOntzOjY6Il9mbGFzaCI7YToyOntzOjM6Im5ldyI7YTowOnt9czozOiJvbGQiO2E6MDp7fX1zOjk6Il9wcmV2aW91cyI7YToxOntzOjM6InVybCI7czoyODoiaHR0cHM6Ly9jaGF0LmFza3Nlby5tZS9sb2dpbiI7fXM6NjoiX3Rva2VuIjtzOjQwOiJ3T1pBUkZCdkVVSnZjTHpmaHBDSWUySDJWVTFPaWw4aGgzNUJwdENBIjt9',	1754724891),
('wABvHObFSQCijNByh9cuzdS9BGwzCtFGbclpJKZg',	9,	'101.50.69.128',	'Mozilla/5.0 (Windows NT 10.0; Win64; x64) AppleWebKit/537.36 (KHTML, like Gecko) Chrome/138.0.0.0 Safari/537.36',	'YTo2OntzOjY6Il90b2tlbiI7czo0MDoiVURhU3N6cnlJUHEybkdwdFFjc001MTF3TDBzMHh2M3VSc0xWUEJPSiI7czo5OiJfcHJldmlvdXMiO2E6MTp7czozOiJ1cmwiO3M6NTA6Imh0dHBzOi8vY2hhdC5hc2tzZW8ubWUvbWVzc2FnZXMvMj9sYXRlc3Rfb25seT10cnVlIjt9czo2OiJfZmxhc2giO2E6Mjp7czozOiJvbGQiO2E6MDp7fXM6MzoibmV3IjthOjA6e319czo1MDoibG9naW5fd2ViXzU5YmEzNmFkZGMyYjJmOTQwMTU4MGYwMTRjN2Y1OGVhNGUzMDk4OWQiO2k6OTtzOjEwOiJ1c2VyX2VtYWlsIjtzOjI2OiJ3d3cudW1hcndhcWFyMTY4QGdtYWlsLmNvbSI7czo5OiJ1c2VyX3R5cGUiO3M6NToiYWRtaW4iO30=',	1754734511);

DROP TABLE IF EXISTS `tasks`;
CREATE TABLE `tasks` (
  `id` bigint(20) unsigned NOT NULL AUTO_INCREMENT,
  `assigned_by` bigint(20) unsigned NOT NULL,
  `assigned_to` bigint(20) unsigned NOT NULL,
  `title` varchar(255) NOT NULL,
  `description` text DEFAULT NULL,
  `due_date` date DEFAULT NULL,
  `status` enum('pending','completed') NOT NULL DEFAULT 'pending',
  `completed_at` timestamp NULL DEFAULT NULL,
  `created_at` timestamp NULL DEFAULT NULL,
  `updated_at` timestamp NULL DEFAULT NULL,
  PRIMARY KEY (`id`),
  KEY `tasks_assigned_by_foreign` (`assigned_by`),
  KEY `tasks_assigned_to_foreign` (`assigned_to`),
  CONSTRAINT `tasks_assigned_by_foreign` FOREIGN KEY (`assigned_by`) REFERENCES `users` (`id`) ON DELETE CASCADE,
  CONSTRAINT `tasks_assigned_to_foreign` FOREIGN KEY (`assigned_to`) REFERENCES `users` (`id`) ON DELETE CASCADE
) ENGINE=InnoDB AUTO_INCREMENT=2 DEFAULT CHARSET=utf8mb4 COLLATE=utf8mb4_unicode_ci;


DROP TABLE IF EXISTS `users`;
CREATE TABLE `users` (
  `id` bigint(20) unsigned NOT NULL AUTO_INCREMENT,
  `name` varchar(100) NOT NULL,
  `email` varchar(255) NOT NULL,
  `password` varchar(255) NOT NULL,
  `status` enum('pending','verified','active','inactive') NOT NULL DEFAULT 'pending',
  `status_mode` enum('online','offline','away','do_not_disturb','be_right_back') NOT NULL DEFAULT 'offline',
  `image` varchar(255) DEFAULT NULL,
  `email_verified_at` timestamp NULL DEFAULT NULL,
  `type` enum('super_admin','admin','moderator','general_user') NOT NULL DEFAULT 'general_user',
  `remember_token` varchar(100) DEFAULT NULL,
  `otp` varchar(6) DEFAULT NULL,
  `otp_expires_at` timestamp NULL DEFAULT NULL,
  `created_at` timestamp NULL DEFAULT NULL,
  `updated_at` timestamp NULL DEFAULT NULL,
  `push_subscription` longtext CHARACTER SET utf8mb4 COLLATE utf8mb4_bin DEFAULT NULL CHECK (json_valid(`push_subscription`)),
  PRIMARY KEY (`id`),
  UNIQUE KEY `users_email_unique` (`email`)
) ENGINE=InnoDB AUTO_INCREMENT=15 DEFAULT CHARSET=utf8mb4 COLLATE=utf8mb4_unicode_ci;

INSERT INTO `users` (`id`, `name`, `email`, `password`, `status`, `status_mode`, `image`, `email_verified_at`, `type`, `remember_token`, `otp`, `otp_expires_at`, `created_at`, `updated_at`, `push_subscription`) VALUES
(1,	'CEO',	'ceo@askseo.com',	'$2y$12$2H43v1keqX9RfvdUUjZ3dOpscoF6DDX9EiLajB.JeMKFI3S.GAgZS',	'active',	'online',	'uploads/users/1754455649_6892de61bed76.jpeg',	'2025-08-04 12:48:36',	'super_admin',	NULL,	NULL,	NULL,	'2025-08-04 12:48:36',	'2025-08-07 07:53:54',	'{\"endpoint\":\"https:\\/\\/web.push.apple.com\\/QOraGZFTNYf6a737cvLXjARlxA0LBQHm71WGmpXCxB7s4tYPMufhFj0CqZsVUq5mDj5Gn5J1qFQW7Ge63LpIVyHawKQl_a-0MUUSWGtCQlpX3lx2sQMzPcIQULpYDwfdhVtGe4zPVmw6uxVkbZzgeD2KjgjrXE48KzWroIm2bNA\",\"keys\":{\"p256dh\":\"BO4tGe0bNb-zeCbfyZgVbCmKpfTR5QYUo8AmvUGg4yjHrnTNZ6GjgTY76KEnOSOp4ZKzMABqPj20FslY32Pq06Q\",\"auth\":\"8SHv-txhIx_AwUH3UN9vOQ\"}}'),
(2,	'Mati ur Rehman',	'developer@askseo.com',	'$2y$12$gNRtx/h.Tcd.WcRxwmYiN.kMgfdqE.ZgECM613EZnuSFedcNG/vxC',	'active',	'online',	'uploads/users/1754314267_6890b61b0f1ba.png',	'2025-08-04 12:48:36',	'super_admin',	NULL,	NULL,	NULL,	'2025-08-04 12:48:36',	'2025-08-09 09:06:34',	'{\"endpoint\":\"https:\\/\\/fcm.googleapis.com\\/fcm\\/send\\/dOgT32_mqg4:APA91bE_4h-D6-23nqxjm-F5aKDQKo9Uf89pFc50QX0X-ovNk8UHjxbtZnF8P8nR3f7SMzqvg7PXaIgVpzq-WqIfDf_heLZ2_jcuoKw5OfA2-j4ozS7Og2-wWW_eSrSbet4l98vOThJU\",\"expirationTime\":null,\"keys\":{\"p256dh\":\"BBveLw6GOqBK8T_QuNfH_F-J3iZxOCXjje0h17w6F05FYdcduZ5Z710cUfSeTd2HQXxJ1K_fY83SOQJ0v0KRh74\",\"auth\":\"_t0dEQJJ00Cc040c3oqfaA\"}}'),
(3,	'Numan Akram',	'numanakram551@gmail.com',	'$2y$12$AU98FVBji/b/jFH1N3iFDu3SdbL8FA7F8Yld5S2ROP2PZ2asjeaQm',	'active',	'online',	NULL,	'2025-08-04 12:49:25',	'general_user',	NULL,	NULL,	NULL,	'2025-08-04 12:49:02',	'2025-08-04 12:55:17',	NULL),
(4,	'Ajmal Usman',	'ajmal.usman54@gmail.com',	'$2y$12$F.GjNzTQdJryvsAR0.AvvOcRNE8EhtNFJru9SlR.TFcWFkDHT7mh6',	'active',	'online',	'uploads/users/1754386494_6891d03e86c6e.jpg',	'2025-08-04 12:51:06',	'general_user',	NULL,	NULL,	NULL,	'2025-08-04 12:50:41',	'2025-08-09 05:21:47',	NULL),
(5,	'M Sameer',	'sameerrajpoot845@gmail.com',	'$2y$12$BYARZZhDsibj5O1wIJVqROzJnR2C8zswY8nIE6S0kKbt1m8lJJ5U6',	'active',	'online',	NULL,	'2025-08-04 12:51:27',	'general_user',	NULL,	NULL,	NULL,	'2025-08-04 12:50:49',	'2025-08-05 09:18:00',	NULL),
(6,	'Ali Ahmad',	'aliahmad6006777@gmail.com',	'$2y$12$xUfLAhcgZZCuV5k6WX01NONKahkZfRWXf6XaQW2IOyCkxArJc5QMi',	'active',	'online',	NULL,	'2025-08-04 12:51:41',	'general_user',	NULL,	NULL,	NULL,	'2025-08-04 12:51:07',	'2025-08-09 04:16:35',	NULL),
(7,	'Bilal Nadeem',	'muhammadbilalnadeem2005@gmail.com',	'$2y$12$7.nm5/QMDyVTzkrO3BEL1OdQw//lbRVV0iSFoufw.f31yqodArVGy',	'active',	'online',	NULL,	'2025-08-04 12:51:57',	'general_user',	NULL,	NULL,	NULL,	'2025-08-04 12:51:08',	'2025-08-09 04:14:56',	'{\"endpoint\":\"https:\\/\\/fcm.googleapis.com\\/fcm\\/send\\/dkw8lNfEezU:APA91bHZWka74lnsjdupmI2cShWwIyKtY9RgdkXPAnm4C2Npe8tSxrHthMcmWYlvJ62f46_5_LDsR3zm2jTGhvqYvz0CD7vQYNjIKDc45_ScVCRdHV-OmzSYjeGcxPcpzCLnZLuMTm3R\",\"expirationTime\":null,\"keys\":{\"p256dh\":\"BHkIbTg3XEkVgZG2ZypCZm-pTtvCo3N1ZiIEyPjyGzUlZkmzPGwiFzSYtbeU3CHc2BUL8df27RJVsxt6R-rDI0Q\",\"auth\":\"A_psKcCXO0omF6QgMK5YDQ\"}}'),
(8,	'Muhammad Talha',	'miantalha381@gmail.com',	'$2y$12$KmbsTHmfhD9nYoQfKsSRyOtUk5vFRzTER.KNl//8lC1XN/5TYEx/e',	'active',	'offline',	'uploads/users/1754453384_6892d588512db.jpeg',	'2025-08-04 12:52:20',	'general_user',	NULL,	NULL,	NULL,	'2025-08-04 12:52:05',	'2025-08-09 07:32:31',	NULL),
(9,	'Umar Waqar',	'www.umarwaqar168@gmail.com',	'$2y$12$gpBapsW5nEKsX2AYfad.vuu38Byt0RUm1cpExhW1pWosFLV40jvxS',	'active',	'online',	'uploads/users/1754385971_6891ce337ac93.jpg',	'2025-08-04 12:53:10',	'admin',	'mOcgOmnidG9qwc6Lljgn9VOYBd5b0LF10HyNVJ9V5tgu34OJCYKjsr9ljmyS',	NULL,	NULL,	'2025-08-04 12:52:50',	'2025-08-07 07:41:46',	NULL),
(10,	'Ahmad Faraz',	'ahmadfaraz1241@gmail.com',	'$2y$12$aBIDxWthkX6GyVpwbxd95ubYv0nd4scIuMzHDb1j/Ep3l2sRBoFF2',	'active',	'online',	NULL,	'2025-08-04 12:56:19',	'general_user',	NULL,	NULL,	NULL,	'2025-08-04 12:53:44',	'2025-08-08 13:30:31',	NULL),
(11,	'M Hadeed',	'muhammadhadeed728@gmail.com',	'$2y$12$GBCxXzKlEE/5UyTwMmwSKOW3KTAkVUXA/DTbBQVAmqbZO7RqpBPf6',	'active',	'online',	'uploads/users/1754388643_6891d8a3f40f9.jfif',	'2025-08-04 12:55:46',	'general_user',	NULL,	NULL,	NULL,	'2025-08-04 12:55:20',	'2025-08-08 10:58:01',	'{\"endpoint\":\"https:\\/\\/fcm.googleapis.com\\/fcm\\/send\\/fVhNT-X0Tj0:APA91bEUvOkCOMC6pFZM3WUEKGkzzshDERNuFmtR-v_2PWc1U08KjFsHrHZjxqwIee5GAqXfw4W_s_60WDZjkv6ens6IM-lYvbh4aLImxp5TY5VMiX45776ou2Hlk-GSMvD-DQnZZ4yT\",\"expirationTime\":null,\"keys\":{\"p256dh\":\"BMhL3ViSl6XANgpEmVVqFCbU58RQtOQhEkXd20lDHWe0B8JCCZJoWBzbnhyGEU2BY6OYtuyrn7Dgr6ld9rSST3A\",\"auth\":\"PMI-cXpZAHvEnXMmiz4G7A\"}}'),
(12,	'AI Dev',	'nomanshabbir159@gmail.com',	'$2y$12$qW8lwxza1Ec6/fsPRCp2f.B6KP64L/iAWKuimAd4F.CR3NhdkqHiO',	'active',	'offline',	'uploads/users/1754314479_6890b6efa720f.webp',	'2025-08-04 13:07:39',	'general_user',	NULL,	NULL,	NULL,	'2025-08-04 13:07:26',	'2025-08-07 07:44:36',	NULL),
(14,	'Glaimiz',	'Glaimizcosmetics@gmail.com',	'$2y$12$D2WkVPofH98FcDbtrwZQXu1mj.B7oVWQooFzXenXvPxj636SKVP8.',	'inactive',	'online',	NULL,	'2025-08-07 07:12:51',	'general_user',	NULL,	NULL,	NULL,	'2025-08-07 07:11:55',	'2025-08-07 14:02:10',	NULL);

-- 2025-08-09 10:31:26